INSERT INTO TY_CHANNEL_GROUP(GROUP_ID,GROUP_NAME) VALUES(1,'天音渠道');
INSERT INTO TY_CHANNEL_GROUP(GROUP_ID,GROUP_NAME) VALUES(2,'地包渠道');
INSERT INTO TY_CHANNEL_GROUP(GROUP_ID,GROUP_NAME) VALUES(3,'其他渠道');
INSERT INTO TY_CHANNEL_GROUP(GROUP_ID,GROUP_NAME) VALUES(4,'劳务渠道');

insert into TY_DICT_INFO(DICT_ID,KEY_CODE,KEY_VALUE,REMARK,CREATE_TIME,UPDATE_TIME)values (SEQ_DICT_INFO.NEXTVAL,'system_init_date','2014-07-28 00:00:00','系统初始化时间',SYSDATE,SYSDATE);



Insert into TY_USER (USER_ID,LOGIN_NAME,REAL_NAME,PASSWORD,CELLPHONE,ADDRESS,ACTIVE,ROLE_ID,CREATE_TIME,UPDATE_TIME,LAST_LOGIN_TIME) values (1,'admin','超级管理员','123456','13910965514','系统管理员','Y',1,SYSDATE,SYSDATE,SYSDATE);

Insert into TY_RESOURCE (RESOURCE_ID,PARENT_ID,RES_NAME,RES_URL,FULL_PATH,LEVELS,CREATE_TIME) values (	1		,	-1	,'天音管理后台','tymng_menu','',	1	,	SYSDATE	);
Insert into TY_RESOURCE (RESOURCE_ID,PARENT_ID,RES_NAME,RES_URL,FULL_PATH,LEVELS,CREATE_TIME) values (	10		,	1	,'渠道管理','channel_menu','',	1	,	SYSDATE	);
Insert into TY_RESOURCE (RESOURCE_ID,PARENT_ID,RES_NAME,RES_URL,FULL_PATH,LEVELS,CREATE_TIME) values (	1010	,	10	,'天音渠道','channel_ty','',	2	,	SYSDATE	);
Insert into TY_RESOURCE (RESOURCE_ID,PARENT_ID,RES_NAME,RES_URL,FULL_PATH,LEVELS,CREATE_TIME) values (	101010	,	1010	,'增加','channel_ty_add','',	3	,	SYSDATE	);
Insert into TY_RESOURCE (RESOURCE_ID,PARENT_ID,RES_NAME,RES_URL,FULL_PATH,LEVELS,CREATE_TIME) values (	101011	,	1010	,'修改','channel_ty_update','',	3	,	SYSDATE	);
Insert into TY_RESOURCE (RESOURCE_ID,PARENT_ID,RES_NAME,RES_URL,FULL_PATH,LEVELS,CREATE_TIME) values (	101012	,	1010	,'删除','channel_ty_delete','',	3	,	SYSDATE	);
Insert into TY_RESOURCE (RESOURCE_ID,PARENT_ID,RES_NAME,RES_URL,FULL_PATH,LEVELS,CREATE_TIME) values (	101013	,	1010	,'查询','channel_ty_query','',	3	,	SYSDATE	);
Insert into TY_RESOURCE (RESOURCE_ID,PARENT_ID,RES_NAME,RES_URL,FULL_PATH,LEVELS,CREATE_TIME) values (	1020	,	10	,'地包渠道','channel_db','',	2	,	SYSDATE	);
Insert into TY_RESOURCE (RESOURCE_ID,PARENT_ID,RES_NAME,RES_URL,FULL_PATH,LEVELS,CREATE_TIME) values (	102010	,	1020	,'增加','channel_db_add','',	3	,	SYSDATE	);
Insert into TY_RESOURCE (RESOURCE_ID,PARENT_ID,RES_NAME,RES_URL,FULL_PATH,LEVELS,CREATE_TIME) values (	102011	,	1020	,'修改','channel_db_update','',	3	,	SYSDATE	);
Insert into TY_RESOURCE (RESOURCE_ID,PARENT_ID,RES_NAME,RES_URL,FULL_PATH,LEVELS,CREATE_TIME) values (	102012	,	1020	,'删除','channel_db_delete','',	3	,	SYSDATE	);
Insert into TY_RESOURCE (RESOURCE_ID,PARENT_ID,RES_NAME,RES_URL,FULL_PATH,LEVELS,CREATE_TIME) values (	102013	,	1020	,'查询','channel_db_query','',	3	,	SYSDATE	);
Insert into TY_RESOURCE (RESOURCE_ID,PARENT_ID,RES_NAME,RES_URL,FULL_PATH,LEVELS,CREATE_TIME) values (	1030	,	10	,'其他渠道','channel_qt','',	2	,	SYSDATE	);
Insert into TY_RESOURCE (RESOURCE_ID,PARENT_ID,RES_NAME,RES_URL,FULL_PATH,LEVELS,CREATE_TIME) values (	103010	,	1030	,'增加','channel_qt_add','',	3	,	SYSDATE	);
Insert into TY_RESOURCE (RESOURCE_ID,PARENT_ID,RES_NAME,RES_URL,FULL_PATH,LEVELS,CREATE_TIME) values (	103011	,	1030	,'修改','channel_qt_update','',	3	,	SYSDATE	);
Insert into TY_RESOURCE (RESOURCE_ID,PARENT_ID,RES_NAME,RES_URL,FULL_PATH,LEVELS,CREATE_TIME) values (	103012	,	1030	,'删除','channel_qt_delete','',	3	,	SYSDATE	);
Insert into TY_RESOURCE (RESOURCE_ID,PARENT_ID,RES_NAME,RES_URL,FULL_PATH,LEVELS,CREATE_TIME) values (	103013	,	1030	,'查询','channel_qt_query','',	3	,	SYSDATE	);
Insert into TY_RESOURCE (RESOURCE_ID,PARENT_ID,RES_NAME,RES_URL,FULL_PATH,LEVELS,CREATE_TIME) values (	1040	,	10	,'劳务渠道','channel_lw','',	2	,	SYSDATE	);
Insert into TY_RESOURCE (RESOURCE_ID,PARENT_ID,RES_NAME,RES_URL,FULL_PATH,LEVELS,CREATE_TIME) values (	104010	,	1040	,'增加','channel_lw_add','',	3	,	SYSDATE	);
Insert into TY_RESOURCE (RESOURCE_ID,PARENT_ID,RES_NAME,RES_URL,FULL_PATH,LEVELS,CREATE_TIME) values (	104011	,	1040	,'修改','channel_lw_update','',	3	,	SYSDATE	);
Insert into TY_RESOURCE (RESOURCE_ID,PARENT_ID,RES_NAME,RES_URL,FULL_PATH,LEVELS,CREATE_TIME) values (	104012	,	1040	,'删除','channel_lw_delete','',	3	,	SYSDATE	);
Insert into TY_RESOURCE (RESOURCE_ID,PARENT_ID,RES_NAME,RES_URL,FULL_PATH,LEVELS,CREATE_TIME) values (	104013	,	1040	,'查询','channel_lw_query','',	3	,	SYSDATE	);
Insert into TY_RESOURCE (RESOURCE_ID,PARENT_ID,RES_NAME,RES_URL,FULL_PATH,LEVELS,CREATE_TIME) values (	20		,	1	,'机型管理','model_menu','',	1	,	SYSDATE	);
Insert into TY_RESOURCE (RESOURCE_ID,PARENT_ID,RES_NAME,RES_URL,FULL_PATH,LEVELS,CREATE_TIME) values (	2010	,	20	,'天音渠道机型','model_ty','',	2	,	SYSDATE	);
Insert into TY_RESOURCE (RESOURCE_ID,PARENT_ID,RES_NAME,RES_URL,FULL_PATH,LEVELS,CREATE_TIME) values (	201010	,	2010	,'增加','model_ty_add','',	3	,	SYSDATE	);
Insert into TY_RESOURCE (RESOURCE_ID,PARENT_ID,RES_NAME,RES_URL,FULL_PATH,LEVELS,CREATE_TIME) values (	201011	,	2010	,'修改','model_ty_update','',	3	,	SYSDATE	);
Insert into TY_RESOURCE (RESOURCE_ID,PARENT_ID,RES_NAME,RES_URL,FULL_PATH,LEVELS,CREATE_TIME) values (	201012	,	2010	,'删除','model_ty_delete','',	3	,	SYSDATE	);
Insert into TY_RESOURCE (RESOURCE_ID,PARENT_ID,RES_NAME,RES_URL,FULL_PATH,LEVELS,CREATE_TIME) values (	201013	,	2010	,'查询','model_ty_query','',	3	,	SYSDATE	);
Insert into TY_RESOURCE (RESOURCE_ID,PARENT_ID,RES_NAME,RES_URL,FULL_PATH,LEVELS,CREATE_TIME) values (	2020	,	20	,'地包渠道机型','model_db','',	2	,	SYSDATE	);
Insert into TY_RESOURCE (RESOURCE_ID,PARENT_ID,RES_NAME,RES_URL,FULL_PATH,LEVELS,CREATE_TIME) values (	202010	,	2020	,'增加','model_db_add','',	3	,	SYSDATE	);
Insert into TY_RESOURCE (RESOURCE_ID,PARENT_ID,RES_NAME,RES_URL,FULL_PATH,LEVELS,CREATE_TIME) values (	202011	,	2020	,'修改','model_db_update','',	3	,	SYSDATE	);
Insert into TY_RESOURCE (RESOURCE_ID,PARENT_ID,RES_NAME,RES_URL,FULL_PATH,LEVELS,CREATE_TIME) values (	202012	,	2020	,'删除','model_db_delete','',	3	,	SYSDATE	);
Insert into TY_RESOURCE (RESOURCE_ID,PARENT_ID,RES_NAME,RES_URL,FULL_PATH,LEVELS,CREATE_TIME) values (	202013	,	2020	,'查询','model_db_query','',	3	,	SYSDATE	);
Insert into TY_RESOURCE (RESOURCE_ID,PARENT_ID,RES_NAME,RES_URL,FULL_PATH,LEVELS,CREATE_TIME) values (	2030	,	20	,'其他渠道机型','model_qt','',	2	,	SYSDATE	);
Insert into TY_RESOURCE (RESOURCE_ID,PARENT_ID,RES_NAME,RES_URL,FULL_PATH,LEVELS,CREATE_TIME) values (	203010	,	2030	,'增加','model_qt_add','',	3	,	SYSDATE	);
Insert into TY_RESOURCE (RESOURCE_ID,PARENT_ID,RES_NAME,RES_URL,FULL_PATH,LEVELS,CREATE_TIME) values (	203011	,	2030	,'修改','model_qt_update','',	3	,	SYSDATE	);
Insert into TY_RESOURCE (RESOURCE_ID,PARENT_ID,RES_NAME,RES_URL,FULL_PATH,LEVELS,CREATE_TIME) values (	203012	,	2030	,'删除','model_qt_delete','',	3	,	SYSDATE	);
Insert into TY_RESOURCE (RESOURCE_ID,PARENT_ID,RES_NAME,RES_URL,FULL_PATH,LEVELS,CREATE_TIME) values (	203013	,	2030	,'查询','model_qt_query','',	3	,	SYSDATE	);
Insert into TY_RESOURCE (RESOURCE_ID,PARENT_ID,RES_NAME,RES_URL,FULL_PATH,LEVELS,CREATE_TIME) values (	30		,	1	,'工装管理','device_menu','',	1	,	SYSDATE	);
Insert into TY_RESOURCE (RESOURCE_ID,PARENT_ID,RES_NAME,RES_URL,FULL_PATH,LEVELS,CREATE_TIME) values (	3010	,	30	,'工装管理','device','',	2	,	SYSDATE	);
Insert into TY_RESOURCE (RESOURCE_ID,PARENT_ID,RES_NAME,RES_URL,FULL_PATH,LEVELS,CREATE_TIME) values (	301010	,	3010	,'增加','device_add','',	3	,	SYSDATE	);
Insert into TY_RESOURCE (RESOURCE_ID,PARENT_ID,RES_NAME,RES_URL,FULL_PATH,LEVELS,CREATE_TIME) values (	301011	,	3010	,'修改','device_update','',	3	,	SYSDATE	);
Insert into TY_RESOURCE (RESOURCE_ID,PARENT_ID,RES_NAME,RES_URL,FULL_PATH,LEVELS,CREATE_TIME) values (	301012	,	3010	,'删除','device_delete','',	3	,	SYSDATE	);
Insert into TY_RESOURCE (RESOURCE_ID,PARENT_ID,RES_NAME,RES_URL,FULL_PATH,LEVELS,CREATE_TIME) values (	301013	,	3010	,'查询','device_query','',	3	,	SYSDATE	);
Insert into TY_RESOURCE (RESOURCE_ID,PARENT_ID,RES_NAME,RES_URL,FULL_PATH,LEVELS,CREATE_TIME) values (	40		,	1	,'合作方管理','partner_menu','',	1	,	SYSDATE	);
Insert into TY_RESOURCE (RESOURCE_ID,PARENT_ID,RES_NAME,RES_URL,FULL_PATH,LEVELS,CREATE_TIME) values (	4010	,	40	,'合作方管理','partner','',	2	,	SYSDATE	);
Insert into TY_RESOURCE (RESOURCE_ID,PARENT_ID,RES_NAME,RES_URL,FULL_PATH,LEVELS,CREATE_TIME) values (	401010	,	4010	,'增加','partner_add','',	3	,	SYSDATE	);
Insert into TY_RESOURCE (RESOURCE_ID,PARENT_ID,RES_NAME,RES_URL,FULL_PATH,LEVELS,CREATE_TIME) values (	401011	,	4010	,'修改','partner_update','',	3	,	SYSDATE	);
Insert into TY_RESOURCE (RESOURCE_ID,PARENT_ID,RES_NAME,RES_URL,FULL_PATH,LEVELS,CREATE_TIME) values (	401012	,	4010	,'删除','partner_delete','',	3	,	SYSDATE	);
Insert into TY_RESOURCE (RESOURCE_ID,PARENT_ID,RES_NAME,RES_URL,FULL_PATH,LEVELS,CREATE_TIME) values (	401013	,	4010	,'查询','partner_query','',	3	,	SYSDATE	);
Insert into TY_RESOURCE (RESOURCE_ID,PARENT_ID,RES_NAME,RES_URL,FULL_PATH,LEVELS,CREATE_TIME) values (	50		,	1	,'产品管理','product_menu','',	1	,	SYSDATE	);
Insert into TY_RESOURCE (RESOURCE_ID,PARENT_ID,RES_NAME,RES_URL,FULL_PATH,LEVELS,CREATE_TIME) values (	5010	,	50	,'产品管理','product','',	2	,	SYSDATE	);
Insert into TY_RESOURCE (RESOURCE_ID,PARENT_ID,RES_NAME,RES_URL,FULL_PATH,LEVELS,CREATE_TIME) values (	501010	,	5010	,'增加','product_add','',	3	,	SYSDATE	);
Insert into TY_RESOURCE (RESOURCE_ID,PARENT_ID,RES_NAME,RES_URL,FULL_PATH,LEVELS,CREATE_TIME) values (	501011	,	5010	,'修改','product_update','',	3	,	SYSDATE	);
Insert into TY_RESOURCE (RESOURCE_ID,PARENT_ID,RES_NAME,RES_URL,FULL_PATH,LEVELS,CREATE_TIME) values (	501012	,	5010	,'删除','product_delete','',	3	,	SYSDATE	);
Insert into TY_RESOURCE (RESOURCE_ID,PARENT_ID,RES_NAME,RES_URL,FULL_PATH,LEVELS,CREATE_TIME) values (	501013	,	5010	,'查询','product_query','',	3	,	SYSDATE	);
Insert into TY_RESOURCE (RESOURCE_ID,PARENT_ID,RES_NAME,RES_URL,FULL_PATH,LEVELS,CREATE_TIME) values (	60		,	1	,'批次管理','batch_menu','',	1	,	SYSDATE	);
Insert into TY_RESOURCE (RESOURCE_ID,PARENT_ID,RES_NAME,RES_URL,FULL_PATH,LEVELS,CREATE_TIME) values (	6010	,	60	,'天音渠道批次','batch_ty','',	2	,	SYSDATE	);
Insert into TY_RESOURCE (RESOURCE_ID,PARENT_ID,RES_NAME,RES_URL,FULL_PATH,LEVELS,CREATE_TIME) values (	601010	,	6010	,'增加','batch_ty_add','',	3	,	SYSDATE	);
Insert into TY_RESOURCE (RESOURCE_ID,PARENT_ID,RES_NAME,RES_URL,FULL_PATH,LEVELS,CREATE_TIME) values (	601011	,	6010	,'修改','batch_ty_update','',	3	,	SYSDATE	);
Insert into TY_RESOURCE (RESOURCE_ID,PARENT_ID,RES_NAME,RES_URL,FULL_PATH,LEVELS,CREATE_TIME) values (	601012	,	6010	,'删除','batch_ty_delete','',	3	,	SYSDATE	);
Insert into TY_RESOURCE (RESOURCE_ID,PARENT_ID,RES_NAME,RES_URL,FULL_PATH,LEVELS,CREATE_TIME) values (	601013	,	6010	,'删除','batch_ty_query','',	3	,	SYSDATE	);
Insert into TY_RESOURCE (RESOURCE_ID,PARENT_ID,RES_NAME,RES_URL,FULL_PATH,LEVELS,CREATE_TIME) values (	6020	,	60	,'地包渠道批次','batch_db','',	2	,	SYSDATE	);
Insert into TY_RESOURCE (RESOURCE_ID,PARENT_ID,RES_NAME,RES_URL,FULL_PATH,LEVELS,CREATE_TIME) values (	602010	,	6020	,'增加','batch_db_add','',	3	,	SYSDATE	);
Insert into TY_RESOURCE (RESOURCE_ID,PARENT_ID,RES_NAME,RES_URL,FULL_PATH,LEVELS,CREATE_TIME) values (	602011	,	6020	,'修改','batch_db_update','',	3	,	SYSDATE	);
Insert into TY_RESOURCE (RESOURCE_ID,PARENT_ID,RES_NAME,RES_URL,FULL_PATH,LEVELS,CREATE_TIME) values (	602012	,	6020	,'删除','batch_db_delete','',	3	,	SYSDATE	);
Insert into TY_RESOURCE (RESOURCE_ID,PARENT_ID,RES_NAME,RES_URL,FULL_PATH,LEVELS,CREATE_TIME) values (	602013	,	6020	,'删除','batch_db_query','',	3	,	SYSDATE	);
Insert into TY_RESOURCE (RESOURCE_ID,PARENT_ID,RES_NAME,RES_URL,FULL_PATH,LEVELS,CREATE_TIME) values (	6030	,	60	,'其他渠道批次','batch_qt','',	2	,	SYSDATE	);
Insert into TY_RESOURCE (RESOURCE_ID,PARENT_ID,RES_NAME,RES_URL,FULL_PATH,LEVELS,CREATE_TIME) values (	603010	,	6030	,'增加','batch_qt_add','',	3	,	SYSDATE	);
Insert into TY_RESOURCE (RESOURCE_ID,PARENT_ID,RES_NAME,RES_URL,FULL_PATH,LEVELS,CREATE_TIME) values (	603011	,	6030	,'修改','batch_qt_update','',	3	,	SYSDATE	);
Insert into TY_RESOURCE (RESOURCE_ID,PARENT_ID,RES_NAME,RES_URL,FULL_PATH,LEVELS,CREATE_TIME) values (	603012	,	6030	,'删除','batch_qt_delete','',	3	,	SYSDATE	);
Insert into TY_RESOURCE (RESOURCE_ID,PARENT_ID,RES_NAME,RES_URL,FULL_PATH,LEVELS,CREATE_TIME) values (	603013	,	6030	,'查询','batch_qt_query','',	3	,	SYSDATE	);
Insert into TY_RESOURCE (RESOURCE_ID,PARENT_ID,RES_NAME,RES_URL,FULL_PATH,LEVELS,CREATE_TIME) values (	70		,	1	,'设备系统管理','devicesystem_menu','',	1	,	SYSDATE	);
Insert into TY_RESOURCE (RESOURCE_ID,PARENT_ID,RES_NAME,RES_URL,FULL_PATH,LEVELS,CREATE_TIME) values (	7010	,	70	,'设备系统管理','devicesystem','',	2	,	SYSDATE	);
Insert into TY_RESOURCE (RESOURCE_ID,PARENT_ID,RES_NAME,RES_URL,FULL_PATH,LEVELS,CREATE_TIME) values (	701010	,	7010	,'增加','devicesystem_add','',	3	,	SYSDATE	);
Insert into TY_RESOURCE (RESOURCE_ID,PARENT_ID,RES_NAME,RES_URL,FULL_PATH,LEVELS,CREATE_TIME) values (	701011	,	7010	,'修改','devicesystem_update','',	3	,	SYSDATE	);
Insert into TY_RESOURCE (RESOURCE_ID,PARENT_ID,RES_NAME,RES_URL,FULL_PATH,LEVELS,CREATE_TIME) values (	701012	,	7010	,'删除','devicesystem_delete','',	3	,	SYSDATE	);
Insert into TY_RESOURCE (RESOURCE_ID,PARENT_ID,RES_NAME,RES_URL,FULL_PATH,LEVELS,CREATE_TIME) values (	701013	,	7010	,'查询','devicesystem_query','',	3	,	SYSDATE	);
Insert into TY_RESOURCE (RESOURCE_ID,PARENT_ID,RES_NAME,RES_URL,FULL_PATH,LEVELS,CREATE_TIME) values (	80		,	1	,'发布管理','publish_menu','',	1	,	SYSDATE	);
Insert into TY_RESOURCE (RESOURCE_ID,PARENT_ID,RES_NAME,RES_URL,FULL_PATH,LEVELS,CREATE_TIME) values (	8010	,	80	,'APK管理','publish_apk','',	2	,	SYSDATE	);
Insert into TY_RESOURCE (RESOURCE_ID,PARENT_ID,RES_NAME,RES_URL,FULL_PATH,LEVELS,CREATE_TIME) values (	801010	,	8010	,'增加','publish_apk_add','',	3	,	SYSDATE	);
Insert into TY_RESOURCE (RESOURCE_ID,PARENT_ID,RES_NAME,RES_URL,FULL_PATH,LEVELS,CREATE_TIME) values (	801011	,	8010	,'修改','publish_apk_update','',	3	,	SYSDATE	);
Insert into TY_RESOURCE (RESOURCE_ID,PARENT_ID,RES_NAME,RES_URL,FULL_PATH,LEVELS,CREATE_TIME) values (	801012	,	8010	,'删除','publish_apk_delete','',	3	,	SYSDATE	);
Insert into TY_RESOURCE (RESOURCE_ID,PARENT_ID,RES_NAME,RES_URL,FULL_PATH,LEVELS,CREATE_TIME) values (	801013	,	8010	,'查询','publish_apk_query','',	3	,	SYSDATE	);
Insert into TY_RESOURCE (RESOURCE_ID,PARENT_ID,RES_NAME,RES_URL,FULL_PATH,LEVELS,CREATE_TIME) values (	8020	,	80	,'普通包管理','publish_normal_pkg','',	2	,	SYSDATE	);
Insert into TY_RESOURCE (RESOURCE_ID,PARENT_ID,RES_NAME,RES_URL,FULL_PATH,LEVELS,CREATE_TIME) values (	802010	,	8020	,'增加','publish_normal_pkg_add','',	3	,	SYSDATE	);
Insert into TY_RESOURCE (RESOURCE_ID,PARENT_ID,RES_NAME,RES_URL,FULL_PATH,LEVELS,CREATE_TIME) values (	802011	,	8020	,'修改','publish_normal_pkg_update','',	3	,	SYSDATE	);
Insert into TY_RESOURCE (RESOURCE_ID,PARENT_ID,RES_NAME,RES_URL,FULL_PATH,LEVELS,CREATE_TIME) values (	802012	,	8020	,'删除','publish_normal_pkg_delete','',	3	,	SYSDATE	);
Insert into TY_RESOURCE (RESOURCE_ID,PARENT_ID,RES_NAME,RES_URL,FULL_PATH,LEVELS,CREATE_TIME) values (	802013	,	8020	,'查询','publish_normal_pkg_query','',	3	,	SYSDATE	);
Insert into TY_RESOURCE (RESOURCE_ID,PARENT_ID,RES_NAME,RES_URL,FULL_PATH,LEVELS,CREATE_TIME) values (	8030	,	80	,'通用包管理','publish_common_pkg','',	2	,	SYSDATE	);
Insert into TY_RESOURCE (RESOURCE_ID,PARENT_ID,RES_NAME,RES_URL,FULL_PATH,LEVELS,CREATE_TIME) values (	803010	,	8030	,'增加','publish_common_pkg_add','',	3	,	SYSDATE	);
Insert into TY_RESOURCE (RESOURCE_ID,PARENT_ID,RES_NAME,RES_URL,FULL_PATH,LEVELS,CREATE_TIME) values (	803011	,	8030	,'修改','publish_common_pkg_update','',	3	,	SYSDATE	);
Insert into TY_RESOURCE (RESOURCE_ID,PARENT_ID,RES_NAME,RES_URL,FULL_PATH,LEVELS,CREATE_TIME) values (	803012	,	8030	,'删除','publish_common_pkg_delete','',	3	,	SYSDATE	);
Insert into TY_RESOURCE (RESOURCE_ID,PARENT_ID,RES_NAME,RES_URL,FULL_PATH,LEVELS,CREATE_TIME) values (	803013	,	8030	,'查询','publish_common_pkg_query','',	3	,	SYSDATE	);
Insert into TY_RESOURCE (RESOURCE_ID,PARENT_ID,RES_NAME,RES_URL,FULL_PATH,LEVELS,CREATE_TIME) values (	8040	,	80	,'发布任务管理','publish_task','',	2	,	SYSDATE	);
Insert into TY_RESOURCE (RESOURCE_ID,PARENT_ID,RES_NAME,RES_URL,FULL_PATH,LEVELS,CREATE_TIME) values (	804010	,	8040	,'增加','publish_task_add','',	3	,	SYSDATE	);
Insert into TY_RESOURCE (RESOURCE_ID,PARENT_ID,RES_NAME,RES_URL,FULL_PATH,LEVELS,CREATE_TIME) values (	804011	,	8040	,'删除','publish_task_delete','',	3	,	SYSDATE	);
Insert into TY_RESOURCE (RESOURCE_ID,PARENT_ID,RES_NAME,RES_URL,FULL_PATH,LEVELS,CREATE_TIME) values (	804012	,	8040	,'查询','publish_task_query','',	3	,	SYSDATE	);
Insert into TY_RESOURCE (RESOURCE_ID,PARENT_ID,RES_NAME,RES_URL,FULL_PATH,LEVELS,CREATE_TIME) values (	90		,	1	,'地包渠道结算条款','settle_menu','',	1	,	SYSDATE	);
Insert into TY_RESOURCE (RESOURCE_ID,PARENT_ID,RES_NAME,RES_URL,FULL_PATH,LEVELS,CREATE_TIME) values (	9010	,	90	,'地包渠道结算条款','settle','',	2	,	SYSDATE	);
Insert into TY_RESOURCE (RESOURCE_ID,PARENT_ID,RES_NAME,RES_URL,FULL_PATH,LEVELS,CREATE_TIME) values (	901010	,	9010	,'增加','settle_add','',	3	,	SYSDATE	);
Insert into TY_RESOURCE (RESOURCE_ID,PARENT_ID,RES_NAME,RES_URL,FULL_PATH,LEVELS,CREATE_TIME) values (	901011	,	9010	,'修改','settle_update','',	3	,	SYSDATE	);
Insert into TY_RESOURCE (RESOURCE_ID,PARENT_ID,RES_NAME,RES_URL,FULL_PATH,LEVELS,CREATE_TIME) values (	901012	,	9010	,'删除','settle_delete','',	3	,	SYSDATE	);
Insert into TY_RESOURCE (RESOURCE_ID,PARENT_ID,RES_NAME,RES_URL,FULL_PATH,LEVELS,CREATE_TIME) values (	901013	,	9010	,'查询','settle_query','',	3	,	SYSDATE	);
Insert into TY_RESOURCE (RESOURCE_ID,PARENT_ID,RES_NAME,RES_URL,FULL_PATH,LEVELS,CREATE_TIME) values (	110		,	1	,'安装报表统计','report_install_menu','',	1	,	SYSDATE	);
Insert into TY_RESOURCE (RESOURCE_ID,PARENT_ID,RES_NAME,RES_URL,FULL_PATH,LEVELS,CREATE_TIME) values (	11010	,	110	,'天音渠道安装查询','report_ty_install','',	2	,	SYSDATE	);
Insert into TY_RESOURCE (RESOURCE_ID,PARENT_ID,RES_NAME,RES_URL,FULL_PATH,LEVELS,CREATE_TIME) values (	11011	,	110	,'地包渠道安装查询','report_db_install','',	2	,	SYSDATE	);
Insert into TY_RESOURCE (RESOURCE_ID,PARENT_ID,RES_NAME,RES_URL,FULL_PATH,LEVELS,CREATE_TIME) values (	11012	,	110	,'其他渠道安装查询','report_qt_install','',	2	,	SYSDATE	);
Insert into TY_RESOURCE (RESOURCE_ID,PARENT_ID,RES_NAME,RES_URL,FULL_PATH,LEVELS,CREATE_TIME) values (	11013	,	110	,'产品安装查询','report_porduct_install','',	2	,	SYSDATE	);
Insert into TY_RESOURCE (RESOURCE_ID,PARENT_ID,RES_NAME,RES_URL,FULL_PATH,LEVELS,CREATE_TIME) values (	111		,	1	,'到达报表统计','report_arrive_menu','',	1	,	SYSDATE	);
Insert into TY_RESOURCE (RESOURCE_ID,PARENT_ID,RES_NAME,RES_URL,FULL_PATH,LEVELS,CREATE_TIME) values (	11110	,	111	,'天音渠道到达查询','report_ty_arrive','',	2	,	SYSDATE	);
Insert into TY_RESOURCE (RESOURCE_ID,PARENT_ID,RES_NAME,RES_URL,FULL_PATH,LEVELS,CREATE_TIME) values (	11111	,	111	,'地包渠道到达查询','report_db_arrive','',	2	,	SYSDATE	);
Insert into TY_RESOURCE (RESOURCE_ID,PARENT_ID,RES_NAME,RES_URL,FULL_PATH,LEVELS,CREATE_TIME) values (	11112	,	111	,'其他渠道到达查询','report_qt_arrive','',	2	,	SYSDATE	);
Insert into TY_RESOURCE (RESOURCE_ID,PARENT_ID,RES_NAME,RES_URL,FULL_PATH,LEVELS,CREATE_TIME) values (	11113	,	111	,'产品到达查询','report_porduct_arrive','',	2	,	SYSDATE	);
Insert into TY_RESOURCE (RESOURCE_ID,PARENT_ID,RES_NAME,RES_URL,FULL_PATH,LEVELS,CREATE_TIME) values (	120		,	1	,'系统用户管理','system_menu','',	1	,	SYSDATE	);
Insert into TY_RESOURCE (RESOURCE_ID,PARENT_ID,RES_NAME,RES_URL,FULL_PATH,LEVELS,CREATE_TIME) values (	12010	,	120	,'系统用户管理','system_user','',	2	,	SYSDATE	);
Insert into TY_RESOURCE (RESOURCE_ID,PARENT_ID,RES_NAME,RES_URL,FULL_PATH,LEVELS,CREATE_TIME) values (	1201010	,	12010	,'增加','system_user_add','',	3	,	SYSDATE	);
Insert into TY_RESOURCE (RESOURCE_ID,PARENT_ID,RES_NAME,RES_URL,FULL_PATH,LEVELS,CREATE_TIME) values (	1201011	,	12010	,'修改','system_user_update','',	3	,	SYSDATE	);
Insert into TY_RESOURCE (RESOURCE_ID,PARENT_ID,RES_NAME,RES_URL,FULL_PATH,LEVELS,CREATE_TIME) values (	1201012	,	12010	,'修改用户密码','system_user_update_pw','',	3	,	SYSDATE	);
Insert into TY_RESOURCE (RESOURCE_ID,PARENT_ID,RES_NAME,RES_URL,FULL_PATH,LEVELS,CREATE_TIME) values (	1201013	,	12010	,'禁用用户','system_user_disable','',	3	,	SYSDATE	);
Insert into TY_RESOURCE (RESOURCE_ID,PARENT_ID,RES_NAME,RES_URL,FULL_PATH,LEVELS,CREATE_TIME) values (	1201014	,	12010	,'启用用户','system_user_enable','',	3	,	SYSDATE	);
Insert into TY_RESOURCE (RESOURCE_ID,PARENT_ID,RES_NAME,RES_URL,FULL_PATH,LEVELS,CREATE_TIME) values (	1201015	,	12010	,'查询','system_user_query','',	3	,	SYSDATE	);
Insert into TY_RESOURCE (RESOURCE_ID,PARENT_ID,RES_NAME,RES_URL,FULL_PATH,LEVELS,CREATE_TIME) values (	12020	,	120	,'角色管理','system_role','',	2	,	SYSDATE	);
Insert into TY_RESOURCE (RESOURCE_ID,PARENT_ID,RES_NAME,RES_URL,FULL_PATH,LEVELS,CREATE_TIME) values (	1202010	,	12020	,'增加','system_role_add','',	3	,	SYSDATE	);
Insert into TY_RESOURCE (RESOURCE_ID,PARENT_ID,RES_NAME,RES_URL,FULL_PATH,LEVELS,CREATE_TIME) values (	1202011	,	12020	,'修改','system_role_update','',	3	,	SYSDATE	);
Insert into TY_RESOURCE (RESOURCE_ID,PARENT_ID,RES_NAME,RES_URL,FULL_PATH,LEVELS,CREATE_TIME) values (	1202012	,	12020	,'删除','system_role_delete','',	3	,	SYSDATE	);
Insert into TY_RESOURCE (RESOURCE_ID,PARENT_ID,RES_NAME,RES_URL,FULL_PATH,LEVELS,CREATE_TIME) values (	1202014	,	12020	,'查询','system_role_query','',	3	,	SYSDATE	);
Insert into TY_RESOURCE (RESOURCE_ID,PARENT_ID,RES_NAME,RES_URL,FULL_PATH,LEVELS,CREATE_TIME) values (	12030	,	120	,'授权管理','system_auth','',	2	,	SYSDATE	);
Insert into TY_RESOURCE (RESOURCE_ID,PARENT_ID,RES_NAME,RES_URL,FULL_PATH,LEVELS,CREATE_TIME) values (	1203010	,	12030	,'授权','system_auth_btn','',	3	,	SYSDATE	);
Insert into TY_RESOURCE (RESOURCE_ID,PARENT_ID,RES_NAME,RES_URL,FULL_PATH,LEVELS,CREATE_TIME) values (	1203011	,	12030	,'查询','system_auth_query','',	3	,	SYSDATE	);
Insert into TY_RESOURCE (RESOURCE_ID,PARENT_ID,RES_NAME,RES_URL,FULL_PATH,LEVELS,CREATE_TIME) values (	12040	,	120	,'产品授权管理','product_auth','',	2	,	SYSDATE	);
Insert into TY_RESOURCE (RESOURCE_ID,PARENT_ID,RES_NAME,RES_URL,FULL_PATH,LEVELS,CREATE_TIME) values (	1204010	,	12040	,'授权','product_auth_btn','',	2	,	SYSDATE	);
Insert into TY_RESOURCE (RESOURCE_ID,PARENT_ID,RES_NAME,RES_URL,FULL_PATH,LEVELS,CREATE_TIME) values (	1204011	,	12040	,'查询','product_auth_query','',	2	,	SYSDATE	);
Insert into TY_RESOURCE (RESOURCE_ID,PARENT_ID,RES_NAME,RES_URL,FULL_PATH,LEVELS,CREATE_TIME) values (	130		,	1	,'辅助功能','tymng_help_menu','',	1	,	SYSDATE	);
Insert into TY_RESOURCE (RESOURCE_ID,PARENT_ID,RES_NAME,RES_URL,FULL_PATH,LEVELS,CREATE_TIME) values (	13010	,	130	,'查询Imei','tymng_help_queryimei','',	2	,	SYSDATE	);
Insert into TY_RESOURCE (RESOURCE_ID,PARENT_ID,RES_NAME,RES_URL,FULL_PATH,LEVELS,CREATE_TIME) values (	13011	,	130	,'上传Imei','tymng_help_uploadimei','',	2	,	SYSDATE	);
Insert into TY_RESOURCE (RESOURCE_ID,PARENT_ID,RES_NAME,RES_URL,FULL_PATH,LEVELS,CREATE_TIME) values (	13012	,	130	,'上传Zip文件','tymng_help_uploadzip','',	2	,	SYSDATE	);
Insert into TY_RESOURCE (RESOURCE_ID,PARENT_ID,RES_NAME,RES_URL,FULL_PATH,LEVELS,CREATE_TIME) values (	140	,	1	,'扣量功能','stat_deduction_menu','',	1	,	SYSDATE	);
Insert into TY_RESOURCE (RESOURCE_ID,PARENT_ID,RES_NAME,RES_URL,FULL_PATH,LEVELS,CREATE_TIME) values (	14010	,	140	,'地包渠道扣量','deduction_db','',	2	,	SYSDATE	);
Insert into TY_RESOURCE (RESOURCE_ID,PARENT_ID,RES_NAME,RES_URL,FULL_PATH,LEVELS,CREATE_TIME) values (	1401010	,	14010	,'修改','deduction_db_update','',	3	,	SYSDATE	);
Insert into TY_RESOURCE (RESOURCE_ID,PARENT_ID,RES_NAME,RES_URL,FULL_PATH,LEVELS,CREATE_TIME) values (	14011	,	140	,'其他渠道扣量','deduction_qt','',	2	,	SYSDATE	);
Insert into TY_RESOURCE (RESOURCE_ID,PARENT_ID,RES_NAME,RES_URL,FULL_PATH,LEVELS,CREATE_TIME) values (	1401110	,	14011	,'修改','deduction_qt_update','',	3	,	SYSDATE	);


Insert into TY_RESOURCE (RESOURCE_ID,PARENT_ID,RES_NAME,RES_URL,FULL_PATH,LEVELS,CREATE_TIME) values (	2		,	-1	,'合作方管理后台'	,'hzfmng_menu'						,'',	1	,	SYSDATE	);
Insert into TY_RESOURCE (RESOURCE_ID,PARENT_ID,RES_NAME,RES_URL,FULL_PATH,LEVELS,CREATE_TIME) values (	200		,	2	,'辅助功能'			,'hzfmng_help_menu'					,'',	1	,	SYSDATE	);
Insert into TY_RESOURCE (RESOURCE_ID,PARENT_ID,RES_NAME,RES_URL,FULL_PATH,LEVELS,CREATE_TIME) values (	20010	,	200	,'查询Imei'			,'hzfmng_help_queryimei'			,'',	2	,	SYSDATE	);
Insert into TY_RESOURCE (RESOURCE_ID,PARENT_ID,RES_NAME,RES_URL,FULL_PATH,LEVELS,CREATE_TIME) values (	20011	,	200	,'上传Imei'			,'hzfmng_help_uploadimei'			,'',	2	,	SYSDATE	);
Insert into TY_RESOURCE (RESOURCE_ID,PARENT_ID,RES_NAME,RES_URL,FULL_PATH,LEVELS,CREATE_TIME) values (	20012	,	200	,'上传Zip文件'		,'hzfmng_help_uploadzip'			,'',	2	,	SYSDATE	);
Insert into TY_RESOURCE (RESOURCE_ID,PARENT_ID,RES_NAME,RES_URL,FULL_PATH,LEVELS,CREATE_TIME) values (	300		,	2	,'合作方查询'		,'partnerquery_menu'				,'',	1	,	SYSDATE	);
Insert into TY_RESOURCE (RESOURCE_ID,PARENT_ID,RES_NAME,RES_URL,FULL_PATH,LEVELS,CREATE_TIME) values (	30010	,	300	,'天音渠道安装查询'			,'partnerquery_ty'					,'',	2	,	SYSDATE	);
Insert into TY_RESOURCE (RESOURCE_ID,PARENT_ID,RES_NAME,RES_URL,FULL_PATH,LEVELS,CREATE_TIME) values (	30011	,	300	,'地包渠道安装查询'		,'partnerquery_db_process'			,'',	2	,	SYSDATE	);
Insert into TY_RESOURCE (RESOURCE_ID,PARENT_ID,RES_NAME,RES_URL,FULL_PATH,LEVELS,CREATE_TIME) values (	30012	,	300	,'地包渠道到达查询'		,'partnerquery_db_arrival'			,'',	2	,	SYSDATE	);
Insert into TY_RESOURCE (RESOURCE_ID,PARENT_ID,RES_NAME,RES_URL,FULL_PATH,LEVELS,CREATE_TIME) values (	30013	,	300	,'合作方安装查询'		,'partnerquery_cphzf_process'		,'',	2	,	SYSDATE	);
Insert into TY_RESOURCE (RESOURCE_ID,PARENT_ID,RES_NAME,RES_URL,FULL_PATH,LEVELS,CREATE_TIME) values (	30014	,	300	,'合作方到达查询'		,'partnerquery_cphzf_arrival'		,'',	2	,	SYSDATE	);
Insert into TY_RESOURCE (RESOURCE_ID,PARENT_ID,RES_NAME,RES_URL,FULL_PATH,LEVELS,CREATE_TIME) values (	30015	,	300	,'劳务渠道安装查询'			,'partnerquery_lw'					,'',	2	,	SYSDATE	);


insert into TY_ROLE (ROLE_ID, ROLE_NAME, PARENT_ID, FULL_PATH, LEVELS,ROOT_ID, CREATE_TIME,UPDATE_TIME, CAN_DEL) values (1, '超级管理员'	, -1, '1'	, 1,	1, 	SYSDATE, SYSDATE, 0);
insert into TY_ROLE (ROLE_ID, ROLE_NAME, PARENT_ID, FULL_PATH, LEVELS,ROOT_ID, CREATE_TIME,UPDATE_TIME, CAN_DEL) values (2, '管理员组'		, -1, '2'	, 1,	2, 	SYSDATE, SYSDATE, 0);
insert into TY_ROLE (ROLE_ID, ROLE_NAME, PARENT_ID, FULL_PATH, LEVELS,ROOT_ID, CREATE_TIME,UPDATE_TIME, CAN_DEL) values (3, '内置组'		, -1, '3'	, 1,	3, 	SYSDATE, SYSDATE, 0);
insert into TY_ROLE (ROLE_ID, ROLE_NAME, PARENT_ID, FULL_PATH, LEVELS,ROOT_ID, CREATE_TIME,UPDATE_TIME, CAN_DEL) values (4, '对外合作组'	, -1, '4'	, 1,	4, 	SYSDATE, SYSDATE, 0);
insert into TY_ROLE (ROLE_ID, ROLE_NAME, PARENT_ID, FULL_PATH, LEVELS,ROOT_ID, CREATE_TIME,UPDATE_TIME, CAN_DEL) values (5, '渠道组'		, -1, '5'	, 1,	5, 	SYSDATE, SYSDATE, 0);
insert into TY_ROLE (ROLE_ID, ROLE_NAME, PARENT_ID, FULL_PATH, LEVELS,ROOT_ID, CREATE_TIME,UPDATE_TIME, CAN_DEL) values (6, '负责人组'		, -1, '6'	, 1,	6, 	SYSDATE, SYSDATE, 0);
insert into TY_ROLE (ROLE_ID, ROLE_NAME, PARENT_ID, FULL_PATH, LEVELS,ROOT_ID, CREATE_TIME,UPDATE_TIME, CAN_DEL) values (7, '用户查询组'	, -1, '7'	, 1,	7, 	SYSDATE, SYSDATE, 0);
insert into TY_ROLE (ROLE_ID, ROLE_NAME, PARENT_ID, FULL_PATH, LEVELS,ROOT_ID, CREATE_TIME,UPDATE_TIME, CAN_DEL) values (8, '天音渠道查询'	, 7	, '7/8'	, 2,	7, 	SYSDATE, SYSDATE, 0);
insert into TY_ROLE (ROLE_ID, ROLE_NAME, PARENT_ID, FULL_PATH, LEVELS,ROOT_ID, CREATE_TIME,UPDATE_TIME, CAN_DEL) values (9, '地包渠道查询'	, 7	, '7/9'	, 2,	7, 	SYSDATE, SYSDATE, 0);
insert into TY_ROLE (ROLE_ID, ROLE_NAME, PARENT_ID, FULL_PATH, LEVELS,ROOT_ID, CREATE_TIME,UPDATE_TIME, CAN_DEL) values (10, 'cp合作方查询'	, 7	, '7/10', 2,	7,	SYSDATE, SYSDATE, 0);
insert into TY_ROLE (ROLE_ID, ROLE_NAME, PARENT_ID, FULL_PATH, LEVELS,ROOT_ID, CREATE_TIME,UPDATE_TIME, CAN_DEL) values (11, '劳务渠道查询'	, 7	, '7/11', 2,	7,	SYSDATE, SYSDATE, 0);
insert into TY_ROLE (ROLE_ID, ROLE_NAME, PARENT_ID, FULL_PATH, LEVELS,ROOT_ID, CREATE_TIME,UPDATE_TIME, CAN_DEL) values (12, '其他渠道查询'	, 7	, '7/12', 2,	7,	SYSDATE, SYSDATE, 0);


insert into TY_ROLE_RESOURCE_REF (ID, ROLE_ID, RESOURCE_ID, CREATE_TIME) values (SEQ_ROLE_RESOURCE_REF.NEXTVAL, 1, 1		, SYSDATE);
insert into TY_ROLE_RESOURCE_REF (ID, ROLE_ID, RESOURCE_ID, CREATE_TIME) values (SEQ_ROLE_RESOURCE_REF.NEXTVAL, 1, 10		, SYSDATE);
insert into TY_ROLE_RESOURCE_REF (ID, ROLE_ID, RESOURCE_ID, CREATE_TIME) values (SEQ_ROLE_RESOURCE_REF.NEXTVAL, 1, 1010	, SYSDATE);
insert into TY_ROLE_RESOURCE_REF (ID, ROLE_ID, RESOURCE_ID, CREATE_TIME) values (SEQ_ROLE_RESOURCE_REF.NEXTVAL, 1, 101010	, SYSDATE);
insert into TY_ROLE_RESOURCE_REF (ID, ROLE_ID, RESOURCE_ID, CREATE_TIME) values (SEQ_ROLE_RESOURCE_REF.NEXTVAL, 1, 101011	, SYSDATE);
insert into TY_ROLE_RESOURCE_REF (ID, ROLE_ID, RESOURCE_ID, CREATE_TIME) values (SEQ_ROLE_RESOURCE_REF.NEXTVAL, 1, 101012	, SYSDATE);
insert into TY_ROLE_RESOURCE_REF (ID, ROLE_ID, RESOURCE_ID, CREATE_TIME) values (SEQ_ROLE_RESOURCE_REF.NEXTVAL, 1, 101013	, SYSDATE);
insert into TY_ROLE_RESOURCE_REF (ID, ROLE_ID, RESOURCE_ID, CREATE_TIME) values (SEQ_ROLE_RESOURCE_REF.NEXTVAL, 1, 1020	, SYSDATE);
insert into TY_ROLE_RESOURCE_REF (ID, ROLE_ID, RESOURCE_ID, CREATE_TIME) values (SEQ_ROLE_RESOURCE_REF.NEXTVAL, 1, 102010	, SYSDATE);
insert into TY_ROLE_RESOURCE_REF (ID, ROLE_ID, RESOURCE_ID, CREATE_TIME) values (SEQ_ROLE_RESOURCE_REF.NEXTVAL, 1, 102011	, SYSDATE);
insert into TY_ROLE_RESOURCE_REF (ID, ROLE_ID, RESOURCE_ID, CREATE_TIME) values (SEQ_ROLE_RESOURCE_REF.NEXTVAL, 1, 102012	, SYSDATE);
insert into TY_ROLE_RESOURCE_REF (ID, ROLE_ID, RESOURCE_ID, CREATE_TIME) values (SEQ_ROLE_RESOURCE_REF.NEXTVAL, 1, 102013	, SYSDATE);
insert into TY_ROLE_RESOURCE_REF (ID, ROLE_ID, RESOURCE_ID, CREATE_TIME) values (SEQ_ROLE_RESOURCE_REF.NEXTVAL, 1, 1030	, SYSDATE);
insert into TY_ROLE_RESOURCE_REF (ID, ROLE_ID, RESOURCE_ID, CREATE_TIME) values (SEQ_ROLE_RESOURCE_REF.NEXTVAL, 1, 103010	, SYSDATE);
insert into TY_ROLE_RESOURCE_REF (ID, ROLE_ID, RESOURCE_ID, CREATE_TIME) values (SEQ_ROLE_RESOURCE_REF.NEXTVAL, 1, 103011	, SYSDATE);
insert into TY_ROLE_RESOURCE_REF (ID, ROLE_ID, RESOURCE_ID, CREATE_TIME) values (SEQ_ROLE_RESOURCE_REF.NEXTVAL, 1, 103012	, SYSDATE);
insert into TY_ROLE_RESOURCE_REF (ID, ROLE_ID, RESOURCE_ID, CREATE_TIME) values (SEQ_ROLE_RESOURCE_REF.NEXTVAL, 1, 103013	, SYSDATE);
insert into TY_ROLE_RESOURCE_REF (ID, ROLE_ID, RESOURCE_ID, CREATE_TIME) values (SEQ_ROLE_RESOURCE_REF.NEXTVAL, 1, 1040	, SYSDATE);
insert into TY_ROLE_RESOURCE_REF (ID, ROLE_ID, RESOURCE_ID, CREATE_TIME) values (SEQ_ROLE_RESOURCE_REF.NEXTVAL, 1, 104010	, SYSDATE);
insert into TY_ROLE_RESOURCE_REF (ID, ROLE_ID, RESOURCE_ID, CREATE_TIME) values (SEQ_ROLE_RESOURCE_REF.NEXTVAL, 1, 104011	, SYSDATE);
insert into TY_ROLE_RESOURCE_REF (ID, ROLE_ID, RESOURCE_ID, CREATE_TIME) values (SEQ_ROLE_RESOURCE_REF.NEXTVAL, 1, 104012	, SYSDATE);
insert into TY_ROLE_RESOURCE_REF (ID, ROLE_ID, RESOURCE_ID, CREATE_TIME) values (SEQ_ROLE_RESOURCE_REF.NEXTVAL, 1, 104013	, SYSDATE);
insert into TY_ROLE_RESOURCE_REF (ID, ROLE_ID, RESOURCE_ID, CREATE_TIME) values (SEQ_ROLE_RESOURCE_REF.NEXTVAL, 1, 20		, SYSDATE);
insert into TY_ROLE_RESOURCE_REF (ID, ROLE_ID, RESOURCE_ID, CREATE_TIME) values (SEQ_ROLE_RESOURCE_REF.NEXTVAL, 1, 2010	, SYSDATE);
insert into TY_ROLE_RESOURCE_REF (ID, ROLE_ID, RESOURCE_ID, CREATE_TIME) values (SEQ_ROLE_RESOURCE_REF.NEXTVAL, 1, 201010	, SYSDATE);
insert into TY_ROLE_RESOURCE_REF (ID, ROLE_ID, RESOURCE_ID, CREATE_TIME) values (SEQ_ROLE_RESOURCE_REF.NEXTVAL, 1, 201011	, SYSDATE);
insert into TY_ROLE_RESOURCE_REF (ID, ROLE_ID, RESOURCE_ID, CREATE_TIME) values (SEQ_ROLE_RESOURCE_REF.NEXTVAL, 1, 201012	, SYSDATE);
insert into TY_ROLE_RESOURCE_REF (ID, ROLE_ID, RESOURCE_ID, CREATE_TIME) values (SEQ_ROLE_RESOURCE_REF.NEXTVAL, 1, 201013	, SYSDATE);
insert into TY_ROLE_RESOURCE_REF (ID, ROLE_ID, RESOURCE_ID, CREATE_TIME) values (SEQ_ROLE_RESOURCE_REF.NEXTVAL, 1, 2020	, SYSDATE);
insert into TY_ROLE_RESOURCE_REF (ID, ROLE_ID, RESOURCE_ID, CREATE_TIME) values (SEQ_ROLE_RESOURCE_REF.NEXTVAL, 1, 202010	, SYSDATE);
insert into TY_ROLE_RESOURCE_REF (ID, ROLE_ID, RESOURCE_ID, CREATE_TIME) values (SEQ_ROLE_RESOURCE_REF.NEXTVAL, 1, 202011	, SYSDATE);
insert into TY_ROLE_RESOURCE_REF (ID, ROLE_ID, RESOURCE_ID, CREATE_TIME) values (SEQ_ROLE_RESOURCE_REF.NEXTVAL, 1, 202012	, SYSDATE);
insert into TY_ROLE_RESOURCE_REF (ID, ROLE_ID, RESOURCE_ID, CREATE_TIME) values (SEQ_ROLE_RESOURCE_REF.NEXTVAL, 1, 202013	, SYSDATE);
insert into TY_ROLE_RESOURCE_REF (ID, ROLE_ID, RESOURCE_ID, CREATE_TIME) values (SEQ_ROLE_RESOURCE_REF.NEXTVAL, 1, 2030	, SYSDATE);
insert into TY_ROLE_RESOURCE_REF (ID, ROLE_ID, RESOURCE_ID, CREATE_TIME) values (SEQ_ROLE_RESOURCE_REF.NEXTVAL, 1, 203010	, SYSDATE);
insert into TY_ROLE_RESOURCE_REF (ID, ROLE_ID, RESOURCE_ID, CREATE_TIME) values (SEQ_ROLE_RESOURCE_REF.NEXTVAL, 1, 203011	, SYSDATE);
insert into TY_ROLE_RESOURCE_REF (ID, ROLE_ID, RESOURCE_ID, CREATE_TIME) values (SEQ_ROLE_RESOURCE_REF.NEXTVAL, 1, 203012	, SYSDATE);
insert into TY_ROLE_RESOURCE_REF (ID, ROLE_ID, RESOURCE_ID, CREATE_TIME) values (SEQ_ROLE_RESOURCE_REF.NEXTVAL, 1, 203013	, SYSDATE);
insert into TY_ROLE_RESOURCE_REF (ID, ROLE_ID, RESOURCE_ID, CREATE_TIME) values (SEQ_ROLE_RESOURCE_REF.NEXTVAL, 1, 30		, SYSDATE);
insert into TY_ROLE_RESOURCE_REF (ID, ROLE_ID, RESOURCE_ID, CREATE_TIME) values (SEQ_ROLE_RESOURCE_REF.NEXTVAL, 1, 3010	, SYSDATE);
insert into TY_ROLE_RESOURCE_REF (ID, ROLE_ID, RESOURCE_ID, CREATE_TIME) values (SEQ_ROLE_RESOURCE_REF.NEXTVAL, 1, 301010	, SYSDATE);
insert into TY_ROLE_RESOURCE_REF (ID, ROLE_ID, RESOURCE_ID, CREATE_TIME) values (SEQ_ROLE_RESOURCE_REF.NEXTVAL, 1, 301011	, SYSDATE);
insert into TY_ROLE_RESOURCE_REF (ID, ROLE_ID, RESOURCE_ID, CREATE_TIME) values (SEQ_ROLE_RESOURCE_REF.NEXTVAL, 1, 301012	, SYSDATE);
insert into TY_ROLE_RESOURCE_REF (ID, ROLE_ID, RESOURCE_ID, CREATE_TIME) values (SEQ_ROLE_RESOURCE_REF.NEXTVAL, 1, 301013	, SYSDATE);
insert into TY_ROLE_RESOURCE_REF (ID, ROLE_ID, RESOURCE_ID, CREATE_TIME) values (SEQ_ROLE_RESOURCE_REF.NEXTVAL, 1, 40		, SYSDATE);
insert into TY_ROLE_RESOURCE_REF (ID, ROLE_ID, RESOURCE_ID, CREATE_TIME) values (SEQ_ROLE_RESOURCE_REF.NEXTVAL, 1, 4010	, SYSDATE);
insert into TY_ROLE_RESOURCE_REF (ID, ROLE_ID, RESOURCE_ID, CREATE_TIME) values (SEQ_ROLE_RESOURCE_REF.NEXTVAL, 1, 401010	, SYSDATE);
insert into TY_ROLE_RESOURCE_REF (ID, ROLE_ID, RESOURCE_ID, CREATE_TIME) values (SEQ_ROLE_RESOURCE_REF.NEXTVAL, 1, 401011	, SYSDATE);
insert into TY_ROLE_RESOURCE_REF (ID, ROLE_ID, RESOURCE_ID, CREATE_TIME) values (SEQ_ROLE_RESOURCE_REF.NEXTVAL, 1, 401012	, SYSDATE);
insert into TY_ROLE_RESOURCE_REF (ID, ROLE_ID, RESOURCE_ID, CREATE_TIME) values (SEQ_ROLE_RESOURCE_REF.NEXTVAL, 1, 401013	, SYSDATE);
insert into TY_ROLE_RESOURCE_REF (ID, ROLE_ID, RESOURCE_ID, CREATE_TIME) values (SEQ_ROLE_RESOURCE_REF.NEXTVAL, 1, 50		, SYSDATE);
insert into TY_ROLE_RESOURCE_REF (ID, ROLE_ID, RESOURCE_ID, CREATE_TIME) values (SEQ_ROLE_RESOURCE_REF.NEXTVAL, 1, 5010	, SYSDATE);
insert into TY_ROLE_RESOURCE_REF (ID, ROLE_ID, RESOURCE_ID, CREATE_TIME) values (SEQ_ROLE_RESOURCE_REF.NEXTVAL, 1, 501010	, SYSDATE);
insert into TY_ROLE_RESOURCE_REF (ID, ROLE_ID, RESOURCE_ID, CREATE_TIME) values (SEQ_ROLE_RESOURCE_REF.NEXTVAL, 1, 501011	, SYSDATE);
insert into TY_ROLE_RESOURCE_REF (ID, ROLE_ID, RESOURCE_ID, CREATE_TIME) values (SEQ_ROLE_RESOURCE_REF.NEXTVAL, 1, 501012	, SYSDATE);
insert into TY_ROLE_RESOURCE_REF (ID, ROLE_ID, RESOURCE_ID, CREATE_TIME) values (SEQ_ROLE_RESOURCE_REF.NEXTVAL, 1, 501013	, SYSDATE);
insert into TY_ROLE_RESOURCE_REF (ID, ROLE_ID, RESOURCE_ID, CREATE_TIME) values (SEQ_ROLE_RESOURCE_REF.NEXTVAL, 1, 60		, SYSDATE);
insert into TY_ROLE_RESOURCE_REF (ID, ROLE_ID, RESOURCE_ID, CREATE_TIME) values (SEQ_ROLE_RESOURCE_REF.NEXTVAL, 1, 6010	, SYSDATE);
insert into TY_ROLE_RESOURCE_REF (ID, ROLE_ID, RESOURCE_ID, CREATE_TIME) values (SEQ_ROLE_RESOURCE_REF.NEXTVAL, 1, 601010	, SYSDATE);
insert into TY_ROLE_RESOURCE_REF (ID, ROLE_ID, RESOURCE_ID, CREATE_TIME) values (SEQ_ROLE_RESOURCE_REF.NEXTVAL, 1, 601011	, SYSDATE);
insert into TY_ROLE_RESOURCE_REF (ID, ROLE_ID, RESOURCE_ID, CREATE_TIME) values (SEQ_ROLE_RESOURCE_REF.NEXTVAL, 1, 601012	, SYSDATE);
insert into TY_ROLE_RESOURCE_REF (ID, ROLE_ID, RESOURCE_ID, CREATE_TIME) values (SEQ_ROLE_RESOURCE_REF.NEXTVAL, 1, 601013	, SYSDATE);
insert into TY_ROLE_RESOURCE_REF (ID, ROLE_ID, RESOURCE_ID, CREATE_TIME) values (SEQ_ROLE_RESOURCE_REF.NEXTVAL, 1, 6020	, SYSDATE);
insert into TY_ROLE_RESOURCE_REF (ID, ROLE_ID, RESOURCE_ID, CREATE_TIME) values (SEQ_ROLE_RESOURCE_REF.NEXTVAL, 1, 602010	, SYSDATE);
insert into TY_ROLE_RESOURCE_REF (ID, ROLE_ID, RESOURCE_ID, CREATE_TIME) values (SEQ_ROLE_RESOURCE_REF.NEXTVAL, 1, 602011	, SYSDATE);
insert into TY_ROLE_RESOURCE_REF (ID, ROLE_ID, RESOURCE_ID, CREATE_TIME) values (SEQ_ROLE_RESOURCE_REF.NEXTVAL, 1, 602012	, SYSDATE);
insert into TY_ROLE_RESOURCE_REF (ID, ROLE_ID, RESOURCE_ID, CREATE_TIME) values (SEQ_ROLE_RESOURCE_REF.NEXTVAL, 1, 602013	, SYSDATE);
insert into TY_ROLE_RESOURCE_REF (ID, ROLE_ID, RESOURCE_ID, CREATE_TIME) values (SEQ_ROLE_RESOURCE_REF.NEXTVAL, 1, 6030	, SYSDATE);
insert into TY_ROLE_RESOURCE_REF (ID, ROLE_ID, RESOURCE_ID, CREATE_TIME) values (SEQ_ROLE_RESOURCE_REF.NEXTVAL, 1, 603010	, SYSDATE);
insert into TY_ROLE_RESOURCE_REF (ID, ROLE_ID, RESOURCE_ID, CREATE_TIME) values (SEQ_ROLE_RESOURCE_REF.NEXTVAL, 1, 603011	, SYSDATE);
insert into TY_ROLE_RESOURCE_REF (ID, ROLE_ID, RESOURCE_ID, CREATE_TIME) values (SEQ_ROLE_RESOURCE_REF.NEXTVAL, 1, 603012	, SYSDATE);
insert into TY_ROLE_RESOURCE_REF (ID, ROLE_ID, RESOURCE_ID, CREATE_TIME) values (SEQ_ROLE_RESOURCE_REF.NEXTVAL, 1, 603013	, SYSDATE);
insert into TY_ROLE_RESOURCE_REF (ID, ROLE_ID, RESOURCE_ID, CREATE_TIME) values (SEQ_ROLE_RESOURCE_REF.NEXTVAL, 1, 70		, SYSDATE);
insert into TY_ROLE_RESOURCE_REF (ID, ROLE_ID, RESOURCE_ID, CREATE_TIME) values (SEQ_ROLE_RESOURCE_REF.NEXTVAL, 1, 7010	, SYSDATE);
insert into TY_ROLE_RESOURCE_REF (ID, ROLE_ID, RESOURCE_ID, CREATE_TIME) values (SEQ_ROLE_RESOURCE_REF.NEXTVAL, 1, 701010	, SYSDATE);
insert into TY_ROLE_RESOURCE_REF (ID, ROLE_ID, RESOURCE_ID, CREATE_TIME) values (SEQ_ROLE_RESOURCE_REF.NEXTVAL, 1, 701011	, SYSDATE);
insert into TY_ROLE_RESOURCE_REF (ID, ROLE_ID, RESOURCE_ID, CREATE_TIME) values (SEQ_ROLE_RESOURCE_REF.NEXTVAL, 1, 701012	, SYSDATE);
insert into TY_ROLE_RESOURCE_REF (ID, ROLE_ID, RESOURCE_ID, CREATE_TIME) values (SEQ_ROLE_RESOURCE_REF.NEXTVAL, 1, 701013	, SYSDATE);
insert into TY_ROLE_RESOURCE_REF (ID, ROLE_ID, RESOURCE_ID, CREATE_TIME) values (SEQ_ROLE_RESOURCE_REF.NEXTVAL, 1, 80		, SYSDATE);
insert into TY_ROLE_RESOURCE_REF (ID, ROLE_ID, RESOURCE_ID, CREATE_TIME) values (SEQ_ROLE_RESOURCE_REF.NEXTVAL, 1, 8010	, SYSDATE);
insert into TY_ROLE_RESOURCE_REF (ID, ROLE_ID, RESOURCE_ID, CREATE_TIME) values (SEQ_ROLE_RESOURCE_REF.NEXTVAL, 1, 801010	, SYSDATE);
insert into TY_ROLE_RESOURCE_REF (ID, ROLE_ID, RESOURCE_ID, CREATE_TIME) values (SEQ_ROLE_RESOURCE_REF.NEXTVAL, 1, 801011	, SYSDATE);
insert into TY_ROLE_RESOURCE_REF (ID, ROLE_ID, RESOURCE_ID, CREATE_TIME) values (SEQ_ROLE_RESOURCE_REF.NEXTVAL, 1, 801012	, SYSDATE);
insert into TY_ROLE_RESOURCE_REF (ID, ROLE_ID, RESOURCE_ID, CREATE_TIME) values (SEQ_ROLE_RESOURCE_REF.NEXTVAL, 1, 801013	, SYSDATE);
insert into TY_ROLE_RESOURCE_REF (ID, ROLE_ID, RESOURCE_ID, CREATE_TIME) values (SEQ_ROLE_RESOURCE_REF.NEXTVAL, 1, 8020	, SYSDATE);
insert into TY_ROLE_RESOURCE_REF (ID, ROLE_ID, RESOURCE_ID, CREATE_TIME) values (SEQ_ROLE_RESOURCE_REF.NEXTVAL, 1, 802010	, SYSDATE);
insert into TY_ROLE_RESOURCE_REF (ID, ROLE_ID, RESOURCE_ID, CREATE_TIME) values (SEQ_ROLE_RESOURCE_REF.NEXTVAL, 1, 802011	, SYSDATE);
insert into TY_ROLE_RESOURCE_REF (ID, ROLE_ID, RESOURCE_ID, CREATE_TIME) values (SEQ_ROLE_RESOURCE_REF.NEXTVAL, 1, 802012	, SYSDATE);
insert into TY_ROLE_RESOURCE_REF (ID, ROLE_ID, RESOURCE_ID, CREATE_TIME) values (SEQ_ROLE_RESOURCE_REF.NEXTVAL, 1, 802013	, SYSDATE);
insert into TY_ROLE_RESOURCE_REF (ID, ROLE_ID, RESOURCE_ID, CREATE_TIME) values (SEQ_ROLE_RESOURCE_REF.NEXTVAL, 1, 8030	, SYSDATE);
insert into TY_ROLE_RESOURCE_REF (ID, ROLE_ID, RESOURCE_ID, CREATE_TIME) values (SEQ_ROLE_RESOURCE_REF.NEXTVAL, 1, 803010	, SYSDATE);
insert into TY_ROLE_RESOURCE_REF (ID, ROLE_ID, RESOURCE_ID, CREATE_TIME) values (SEQ_ROLE_RESOURCE_REF.NEXTVAL, 1, 803011	, SYSDATE);
insert into TY_ROLE_RESOURCE_REF (ID, ROLE_ID, RESOURCE_ID, CREATE_TIME) values (SEQ_ROLE_RESOURCE_REF.NEXTVAL, 1, 803012	, SYSDATE);
insert into TY_ROLE_RESOURCE_REF (ID, ROLE_ID, RESOURCE_ID, CREATE_TIME) values (SEQ_ROLE_RESOURCE_REF.NEXTVAL, 1, 803013	, SYSDATE);
insert into TY_ROLE_RESOURCE_REF (ID, ROLE_ID, RESOURCE_ID, CREATE_TIME) values (SEQ_ROLE_RESOURCE_REF.NEXTVAL, 1, 8040	, SYSDATE);
insert into TY_ROLE_RESOURCE_REF (ID, ROLE_ID, RESOURCE_ID, CREATE_TIME) values (SEQ_ROLE_RESOURCE_REF.NEXTVAL, 1, 804010	, SYSDATE);
insert into TY_ROLE_RESOURCE_REF (ID, ROLE_ID, RESOURCE_ID, CREATE_TIME) values (SEQ_ROLE_RESOURCE_REF.NEXTVAL, 1, 804011	, SYSDATE);
insert into TY_ROLE_RESOURCE_REF (ID, ROLE_ID, RESOURCE_ID, CREATE_TIME) values (SEQ_ROLE_RESOURCE_REF.NEXTVAL, 1, 804012	, SYSDATE);
insert into TY_ROLE_RESOURCE_REF (ID, ROLE_ID, RESOURCE_ID, CREATE_TIME) values (SEQ_ROLE_RESOURCE_REF.NEXTVAL, 1, 90		, SYSDATE);
insert into TY_ROLE_RESOURCE_REF (ID, ROLE_ID, RESOURCE_ID, CREATE_TIME) values (SEQ_ROLE_RESOURCE_REF.NEXTVAL, 1, 9010	, SYSDATE);
insert into TY_ROLE_RESOURCE_REF (ID, ROLE_ID, RESOURCE_ID, CREATE_TIME) values (SEQ_ROLE_RESOURCE_REF.NEXTVAL, 1, 901010	, SYSDATE);
insert into TY_ROLE_RESOURCE_REF (ID, ROLE_ID, RESOURCE_ID, CREATE_TIME) values (SEQ_ROLE_RESOURCE_REF.NEXTVAL, 1, 901011	, SYSDATE);
insert into TY_ROLE_RESOURCE_REF (ID, ROLE_ID, RESOURCE_ID, CREATE_TIME) values (SEQ_ROLE_RESOURCE_REF.NEXTVAL, 1, 901012	, SYSDATE);
insert into TY_ROLE_RESOURCE_REF (ID, ROLE_ID, RESOURCE_ID, CREATE_TIME) values (SEQ_ROLE_RESOURCE_REF.NEXTVAL, 1, 901013	, SYSDATE);
insert into TY_ROLE_RESOURCE_REF (ID, ROLE_ID, RESOURCE_ID, CREATE_TIME) values (SEQ_ROLE_RESOURCE_REF.NEXTVAL, 1, 110		, SYSDATE);
insert into TY_ROLE_RESOURCE_REF (ID, ROLE_ID, RESOURCE_ID, CREATE_TIME) values (SEQ_ROLE_RESOURCE_REF.NEXTVAL, 1, 11010	, SYSDATE);
insert into TY_ROLE_RESOURCE_REF (ID, ROLE_ID, RESOURCE_ID, CREATE_TIME) values (SEQ_ROLE_RESOURCE_REF.NEXTVAL, 1, 11011	, SYSDATE);
insert into TY_ROLE_RESOURCE_REF (ID, ROLE_ID, RESOURCE_ID, CREATE_TIME) values (SEQ_ROLE_RESOURCE_REF.NEXTVAL, 1, 11012	, SYSDATE);
insert into TY_ROLE_RESOURCE_REF (ID, ROLE_ID, RESOURCE_ID, CREATE_TIME) values (SEQ_ROLE_RESOURCE_REF.NEXTVAL, 1, 11013	, SYSDATE);
insert into TY_ROLE_RESOURCE_REF (ID, ROLE_ID, RESOURCE_ID, CREATE_TIME) values (SEQ_ROLE_RESOURCE_REF.NEXTVAL, 1, 111		, SYSDATE);
insert into TY_ROLE_RESOURCE_REF (ID, ROLE_ID, RESOURCE_ID, CREATE_TIME) values (SEQ_ROLE_RESOURCE_REF.NEXTVAL, 1, 11110	, SYSDATE);
insert into TY_ROLE_RESOURCE_REF (ID, ROLE_ID, RESOURCE_ID, CREATE_TIME) values (SEQ_ROLE_RESOURCE_REF.NEXTVAL, 1, 11111	, SYSDATE);
insert into TY_ROLE_RESOURCE_REF (ID, ROLE_ID, RESOURCE_ID, CREATE_TIME) values (SEQ_ROLE_RESOURCE_REF.NEXTVAL, 1, 11112	, SYSDATE);
insert into TY_ROLE_RESOURCE_REF (ID, ROLE_ID, RESOURCE_ID, CREATE_TIME) values (SEQ_ROLE_RESOURCE_REF.NEXTVAL, 1, 11113	, SYSDATE);
insert into TY_ROLE_RESOURCE_REF (ID, ROLE_ID, RESOURCE_ID, CREATE_TIME) values (SEQ_ROLE_RESOURCE_REF.NEXTVAL, 1, 120		, SYSDATE);
insert into TY_ROLE_RESOURCE_REF (ID, ROLE_ID, RESOURCE_ID, CREATE_TIME) values (SEQ_ROLE_RESOURCE_REF.NEXTVAL, 1, 12010	, SYSDATE);
insert into TY_ROLE_RESOURCE_REF (ID, ROLE_ID, RESOURCE_ID, CREATE_TIME) values (SEQ_ROLE_RESOURCE_REF.NEXTVAL, 1, 1201010	, SYSDATE);
insert into TY_ROLE_RESOURCE_REF (ID, ROLE_ID, RESOURCE_ID, CREATE_TIME) values (SEQ_ROLE_RESOURCE_REF.NEXTVAL, 1, 1201011	, SYSDATE);
insert into TY_ROLE_RESOURCE_REF (ID, ROLE_ID, RESOURCE_ID, CREATE_TIME) values (SEQ_ROLE_RESOURCE_REF.NEXTVAL, 1, 1201012	, SYSDATE);
insert into TY_ROLE_RESOURCE_REF (ID, ROLE_ID, RESOURCE_ID, CREATE_TIME) values (SEQ_ROLE_RESOURCE_REF.NEXTVAL, 1, 1201013	, SYSDATE);
insert into TY_ROLE_RESOURCE_REF (ID, ROLE_ID, RESOURCE_ID, CREATE_TIME) values (SEQ_ROLE_RESOURCE_REF.NEXTVAL, 1, 1201014	, SYSDATE);
insert into TY_ROLE_RESOURCE_REF (ID, ROLE_ID, RESOURCE_ID, CREATE_TIME) values (SEQ_ROLE_RESOURCE_REF.NEXTVAL, 1, 1201015	, SYSDATE);
insert into TY_ROLE_RESOURCE_REF (ID, ROLE_ID, RESOURCE_ID, CREATE_TIME) values (SEQ_ROLE_RESOURCE_REF.NEXTVAL, 1, 12020	, SYSDATE);
insert into TY_ROLE_RESOURCE_REF (ID, ROLE_ID, RESOURCE_ID, CREATE_TIME) values (SEQ_ROLE_RESOURCE_REF.NEXTVAL, 1, 1202010	, SYSDATE);
insert into TY_ROLE_RESOURCE_REF (ID, ROLE_ID, RESOURCE_ID, CREATE_TIME) values (SEQ_ROLE_RESOURCE_REF.NEXTVAL, 1, 1202011	, SYSDATE);
insert into TY_ROLE_RESOURCE_REF (ID, ROLE_ID, RESOURCE_ID, CREATE_TIME) values (SEQ_ROLE_RESOURCE_REF.NEXTVAL, 1, 1202012	, SYSDATE);
insert into TY_ROLE_RESOURCE_REF (ID, ROLE_ID, RESOURCE_ID, CREATE_TIME) values (SEQ_ROLE_RESOURCE_REF.NEXTVAL, 1, 1202014	, SYSDATE);
insert into TY_ROLE_RESOURCE_REF (ID, ROLE_ID, RESOURCE_ID, CREATE_TIME) values (SEQ_ROLE_RESOURCE_REF.NEXTVAL, 1, 12030	, SYSDATE);
insert into TY_ROLE_RESOURCE_REF (ID, ROLE_ID, RESOURCE_ID, CREATE_TIME) values (SEQ_ROLE_RESOURCE_REF.NEXTVAL, 1, 1203010	, SYSDATE);
insert into TY_ROLE_RESOURCE_REF (ID, ROLE_ID, RESOURCE_ID, CREATE_TIME) values (SEQ_ROLE_RESOURCE_REF.NEXTVAL, 1, 1203011	, SYSDATE);
insert into TY_ROLE_RESOURCE_REF (ID, ROLE_ID, RESOURCE_ID, CREATE_TIME) values (SEQ_ROLE_RESOURCE_REF.NEXTVAL, 1, 12040	, SYSDATE);
insert into TY_ROLE_RESOURCE_REF (ID, ROLE_ID, RESOURCE_ID, CREATE_TIME) values (SEQ_ROLE_RESOURCE_REF.NEXTVAL, 1, 1204010	, SYSDATE);
insert into TY_ROLE_RESOURCE_REF (ID, ROLE_ID, RESOURCE_ID, CREATE_TIME) values (SEQ_ROLE_RESOURCE_REF.NEXTVAL, 1, 1204011	, SYSDATE);
insert into TY_ROLE_RESOURCE_REF (ID, ROLE_ID, RESOURCE_ID, CREATE_TIME) values (SEQ_ROLE_RESOURCE_REF.NEXTVAL, 1, 130		, SYSDATE);
insert into TY_ROLE_RESOURCE_REF (ID, ROLE_ID, RESOURCE_ID, CREATE_TIME) values (SEQ_ROLE_RESOURCE_REF.NEXTVAL, 1, 13010	, SYSDATE);
insert into TY_ROLE_RESOURCE_REF (ID, ROLE_ID, RESOURCE_ID, CREATE_TIME) values (SEQ_ROLE_RESOURCE_REF.NEXTVAL, 1, 13011	, SYSDATE);
insert into TY_ROLE_RESOURCE_REF (ID, ROLE_ID, RESOURCE_ID, CREATE_TIME) values (SEQ_ROLE_RESOURCE_REF.NEXTVAL, 1, 13012	, SYSDATE);
insert into TY_ROLE_RESOURCE_REF (ID, ROLE_ID, RESOURCE_ID, CREATE_TIME) values (SEQ_ROLE_RESOURCE_REF.NEXTVAL, 1, 140		, SYSDATE);
insert into TY_ROLE_RESOURCE_REF (ID, ROLE_ID, RESOURCE_ID, CREATE_TIME) values (SEQ_ROLE_RESOURCE_REF.NEXTVAL, 1, 14010	, SYSDATE);
insert into TY_ROLE_RESOURCE_REF (ID, ROLE_ID, RESOURCE_ID, CREATE_TIME) values (SEQ_ROLE_RESOURCE_REF.NEXTVAL, 1, 1401010	, SYSDATE);
insert into TY_ROLE_RESOURCE_REF (ID, ROLE_ID, RESOURCE_ID, CREATE_TIME) values (SEQ_ROLE_RESOURCE_REF.NEXTVAL, 1, 14011	, SYSDATE);
insert into TY_ROLE_RESOURCE_REF (ID, ROLE_ID, RESOURCE_ID, CREATE_TIME) values (SEQ_ROLE_RESOURCE_REF.NEXTVAL, 1, 1401110	, SYSDATE);


insert into TY_ROLE_RESOURCE_REF (ID, ROLE_ID, RESOURCE_ID, CREATE_TIME) values (SEQ_ROLE_RESOURCE_REF.NEXTVAL, 1, 2	    , SYSDATE);
insert into TY_ROLE_RESOURCE_REF (ID, ROLE_ID, RESOURCE_ID, CREATE_TIME) values (SEQ_ROLE_RESOURCE_REF.NEXTVAL, 1, 200	  , SYSDATE);
insert into TY_ROLE_RESOURCE_REF (ID, ROLE_ID, RESOURCE_ID, CREATE_TIME) values (SEQ_ROLE_RESOURCE_REF.NEXTVAL, 1, 20010  , SYSDATE);
insert into TY_ROLE_RESOURCE_REF (ID, ROLE_ID, RESOURCE_ID, CREATE_TIME) values (SEQ_ROLE_RESOURCE_REF.NEXTVAL, 1, 20011  , SYSDATE);
insert into TY_ROLE_RESOURCE_REF (ID, ROLE_ID, RESOURCE_ID, CREATE_TIME) values (SEQ_ROLE_RESOURCE_REF.NEXTVAL, 1, 20012  , SYSDATE);
insert into TY_ROLE_RESOURCE_REF (ID, ROLE_ID, RESOURCE_ID, CREATE_TIME) values (SEQ_ROLE_RESOURCE_REF.NEXTVAL, 1, 300	  , SYSDATE);
insert into TY_ROLE_RESOURCE_REF (ID, ROLE_ID, RESOURCE_ID, CREATE_TIME) values (SEQ_ROLE_RESOURCE_REF.NEXTVAL, 1, 30010  , SYSDATE);
insert into TY_ROLE_RESOURCE_REF (ID, ROLE_ID, RESOURCE_ID, CREATE_TIME) values (SEQ_ROLE_RESOURCE_REF.NEXTVAL, 1, 30011  , SYSDATE);
insert into TY_ROLE_RESOURCE_REF (ID, ROLE_ID, RESOURCE_ID, CREATE_TIME) values (SEQ_ROLE_RESOURCE_REF.NEXTVAL, 1, 30012  , SYSDATE);
insert into TY_ROLE_RESOURCE_REF (ID, ROLE_ID, RESOURCE_ID, CREATE_TIME) values (SEQ_ROLE_RESOURCE_REF.NEXTVAL, 1, 30013  , SYSDATE);
insert into TY_ROLE_RESOURCE_REF (ID, ROLE_ID, RESOURCE_ID, CREATE_TIME) values (SEQ_ROLE_RESOURCE_REF.NEXTVAL, 1, 30014  , SYSDATE);
insert into TY_ROLE_RESOURCE_REF (ID, ROLE_ID, RESOURCE_ID, CREATE_TIME) values (SEQ_ROLE_RESOURCE_REF.NEXTVAL, 1, 30015  , SYSDATE);

