INSERT INTO TY_CHANNEL_GROUP(GROUP_ID,GROUP_NAME) VALUES(1,'天音渠道');
INSERT INTO TY_CHANNEL_GROUP(GROUP_ID,GROUP_NAME) VALUES(2,'地包渠道');
INSERT INTO TY_CHANNEL_GROUP(GROUP_ID,GROUP_NAME) VALUES(3,'其他渠道');
INSERT INTO TY_CHANNEL_GROUP(GROUP_ID,GROUP_NAME) VALUES(4,'劳务渠道');

insert into ty_channel_info(channel_id,parent_id,group_id,channel_name)values(SEQ_CHANNEL_INFO.NEXTVAL,-1,1,'北京');
insert into ty_channel_info(channel_id,parent_id,group_id,channel_name)values(SEQ_CHANNEL_INFO.NEXTVAL,-1,1,'成都');
insert into ty_channel_info(channel_id,parent_id,group_id,channel_name)values(SEQ_CHANNEL_INFO.NEXTVAL,-1,1,'广州');
insert into ty_channel_info(channel_id,parent_id,group_id,channel_name)values(SEQ_CHANNEL_INFO.NEXTVAL,-1,1,'哈尔滨');
insert into ty_channel_info(channel_id,parent_id,group_id,channel_name)values(SEQ_CHANNEL_INFO.NEXTVAL,-1,1,'杭州');
insert into ty_channel_info(channel_id,parent_id,group_id,channel_name)values(SEQ_CHANNEL_INFO.NEXTVAL,-1,1,'合肥');
insert into ty_channel_info(channel_id,parent_id,group_id,channel_name)values(SEQ_CHANNEL_INFO.NEXTVAL,-1,1,'河北');
insert into ty_channel_info(channel_id,parent_id,group_id,channel_name)values(SEQ_CHANNEL_INFO.NEXTVAL,-1,1,'湖南');
insert into ty_channel_info(channel_id,parent_id,group_id,channel_name)values(SEQ_CHANNEL_INFO.NEXTVAL,-1,1,'昆明');
insert into ty_channel_info(channel_id,parent_id,group_id,channel_name)values(SEQ_CHANNEL_INFO.NEXTVAL,-1,1,'南昌');
insert into ty_channel_info(channel_id,parent_id,group_id,channel_name)values(SEQ_CHANNEL_INFO.NEXTVAL,-1,1,'南宁');
insert into ty_channel_info(channel_id,parent_id,group_id,channel_name)values(SEQ_CHANNEL_INFO.NEXTVAL,-1,1,'厦门');
insert into ty_channel_info(channel_id,parent_id,group_id,channel_name)values(SEQ_CHANNEL_INFO.NEXTVAL,-1,1,'山东');
insert into ty_channel_info(channel_id,parent_id,group_id,channel_name)values(SEQ_CHANNEL_INFO.NEXTVAL,-1,1,'上海');
insert into ty_channel_info(channel_id,parent_id,group_id,channel_name)values(SEQ_CHANNEL_INFO.NEXTVAL,-1,1,'深圳');
insert into ty_channel_info(channel_id,parent_id,group_id,channel_name)values(SEQ_CHANNEL_INFO.NEXTVAL,-1,1,'沈阳');
insert into ty_channel_info(channel_id,parent_id,group_id,channel_name)values(SEQ_CHANNEL_INFO.NEXTVAL,-1,1,'太原');
insert into ty_channel_info(channel_id,parent_id,group_id,channel_name)values(SEQ_CHANNEL_INFO.NEXTVAL,-1,1,'天津');
insert into ty_channel_info(channel_id,parent_id,group_id,channel_name)values(SEQ_CHANNEL_INFO.NEXTVAL,-1,1,'武汉');
insert into ty_channel_info(channel_id,parent_id,group_id,channel_name)values(SEQ_CHANNEL_INFO.NEXTVAL,-1,1,'西安');
insert into ty_channel_info(channel_id,parent_id,group_id,channel_name)values(SEQ_CHANNEL_INFO.NEXTVAL,-1,1,'长春');
insert into ty_channel_info(channel_id,parent_id,group_id,channel_name)values(SEQ_CHANNEL_INFO.NEXTVAL,-1,1,'郑州');

insert into ty_channel_info(channel_id,parent_id,group_id,channel_name)values(SEQ_CHANNEL_INFO.NEXTVAL,-1,2,'南宁');
insert into ty_channel_info(channel_id,parent_id,group_id,channel_name)values(SEQ_CHANNEL_INFO.NEXTVAL,-1,2,'东莞中域');
insert into ty_channel_info(channel_id,parent_id,group_id,channel_name)values(SEQ_CHANNEL_INFO.NEXTVAL,-1,2,'南宁海天世纪');
insert into ty_channel_info(channel_id,parent_id,group_id,channel_name)values(SEQ_CHANNEL_INFO.NEXTVAL,-1,2,'南宁鑫辉');
insert into ty_channel_info(channel_id,parent_id,group_id,channel_name)values(SEQ_CHANNEL_INFO.NEXTVAL,-1,2,'上海佳建');
insert into ty_channel_info(channel_id,parent_id,group_id,channel_name)values(SEQ_CHANNEL_INFO.NEXTVAL,-1,2,'玉林鑫辉');

insert into ty_channel_info(channel_id,parent_id,group_id,channel_name)values(SEQ_CHANNEL_INFO.NEXTVAL,-1,3,'豌豆荚');
insert into ty_channel_info(channel_id,parent_id,group_id,channel_name)values(SEQ_CHANNEL_INFO.NEXTVAL,-1,3,'豌豆荚公司');

insert into TY_MODEL_INFO(MODEL_ID,UA,MODEL_NAME,GROUP_ID,TAGNUM,TAGPRICE) values(SEQ_MODEL_INFO.NEXTVAL,'ZTE_U960E','ZTE_U960E',2,1,1);
insert into TY_MODEL_INFO(MODEL_ID,UA,MODEL_NAME,GROUP_ID,TAGNUM,TAGPRICE) values(SEQ_MODEL_INFO.NEXTVAL,'S39h','S39h',1,1,1);
insert into TY_MODEL_INFO(MODEL_ID,UA,MODEL_NAME,GROUP_ID,TAGNUM,TAGPRICE) values(SEQ_MODEL_INFO.NEXTVAL,'7060','7060',2,1,1);
insert into TY_MODEL_INFO(MODEL_ID,UA,MODEL_NAME,GROUP_ID,TAGNUM,TAGPRICE) values(SEQ_MODEL_INFO.NEXTVAL,'8729','8729',1,1,1);
insert into TY_MODEL_INFO(MODEL_ID,UA,MODEL_NAME,GROUP_ID,TAGNUM,TAGPRICE) values(SEQ_MODEL_INFO.NEXTVAL,'7295C','7295C',2,1,1);
insert into TY_MODEL_INFO(MODEL_ID,UA,MODEL_NAME,GROUP_ID,TAGNUM,TAGPRICE) values(SEQ_MODEL_INFO.NEXTVAL,'7298D','7298D',2,1,1);
insert into TY_MODEL_INFO(MODEL_ID,UA,MODEL_NAME,GROUP_ID,TAGNUM,TAGPRICE) values(SEQ_MODEL_INFO.NEXTVAL,'8295M','8295M',2,1,1);
insert into TY_MODEL_INFO(MODEL_ID,UA,MODEL_NAME,GROUP_ID,TAGNUM,TAGPRICE) values(SEQ_MODEL_INFO.NEXTVAL,'8720L','8720L',2,1,1);
insert into TY_MODEL_INFO(MODEL_ID,UA,MODEL_NAME,GROUP_ID,TAGNUM,TAGPRICE) values(SEQ_MODEL_INFO.NEXTVAL,'A708t','A708t',2,1,1);
insert into TY_MODEL_INFO(MODEL_ID,UA,MODEL_NAME,GROUP_ID,TAGNUM,TAGPRICE) values(SEQ_MODEL_INFO.NEXTVAL,'A760','A760',2,1,1);
insert into TY_MODEL_INFO(MODEL_ID,UA,MODEL_NAME,GROUP_ID,TAGNUM,TAGPRICE) values(SEQ_MODEL_INFO.NEXTVAL,'A766','A766',2,1,1);
insert into TY_MODEL_INFO(MODEL_ID,UA,MODEL_NAME,GROUP_ID,TAGNUM,TAGPRICE) values(SEQ_MODEL_INFO.NEXTVAL,'A850','A850',2,1,1);
insert into TY_MODEL_INFO(MODEL_ID,UA,MODEL_NAME,GROUP_ID,TAGNUM,TAGPRICE) values(SEQ_MODEL_INFO.NEXTVAL,'A880','A880',2,1,1);
insert into TY_MODEL_INFO(MODEL_ID,UA,MODEL_NAME,GROUP_ID,TAGNUM,TAGPRICE) values(SEQ_MODEL_INFO.NEXTVAL,'Coolpad_5217','Coolpad_5217',2,1,1);
insert into TY_MODEL_INFO(MODEL_ID,UA,MODEL_NAME,GROUP_ID,TAGNUM,TAGPRICE) values(SEQ_MODEL_INFO.NEXTVAL,'Coolpad_5310','Coolpad_5310',2,1,1);
insert into TY_MODEL_INFO(MODEL_ID,UA,MODEL_NAME,GROUP_ID,TAGNUM,TAGPRICE) values(SEQ_MODEL_INFO.NEXTVAL,'Coolpad_5951','Coolpad_5951',2,1,1);
insert into TY_MODEL_INFO(MODEL_ID,UA,MODEL_NAME,GROUP_ID,TAGNUM,TAGPRICE) values(SEQ_MODEL_INFO.NEXTVAL,'Coolpad_7232','Coolpad_7232',2,1,1);
insert into TY_MODEL_INFO(MODEL_ID,UA,MODEL_NAME,GROUP_ID,TAGNUM,TAGPRICE) values(SEQ_MODEL_INFO.NEXTVAL,'Coolpad_8089','Coolpad_8089',2,1,1);
insert into TY_MODEL_INFO(MODEL_ID,UA,MODEL_NAME,GROUP_ID,TAGNUM,TAGPRICE) values(SEQ_MODEL_INFO.NEXTVAL,'Coolpad_8705','Coolpad_8705',2,1,1);
insert into TY_MODEL_INFO(MODEL_ID,UA,MODEL_NAME,GROUP_ID,TAGNUM,TAGPRICE) values(SEQ_MODEL_INFO.NEXTVAL,'Coolpad_7320','Coolpad_7320',2,1,1);
insert into TY_MODEL_INFO(MODEL_ID,UA,MODEL_NAME,GROUP_ID,TAGNUM,TAGPRICE) values(SEQ_MODEL_INFO.NEXTVAL,'Coolpad_7296S','Coolpad_7296S',2,1,1);
insert into TY_MODEL_INFO(MODEL_ID,UA,MODEL_NAME,GROUP_ID,TAGNUM,TAGPRICE) values(SEQ_MODEL_INFO.NEXTVAL,'Coolpad_8729','Coolpad_8729',1,1,1);

insert into TY_MODEL_INFO(MODEL_ID,UA,MODEL_NAME,GROUP_ID,TAGNUM,TAGPRICE) values(SEQ_MODEL_INFO.NEXTVAL,'G7106','G7106',2,1,1);
insert into TY_MODEL_INFO(MODEL_ID,UA,MODEL_NAME,GROUP_ID,TAGNUM,TAGPRICE) values(SEQ_MODEL_INFO.NEXTVAL,'G620','G620',1,1,1);
insert into TY_MODEL_INFO(MODEL_ID,UA,MODEL_NAME,GROUP_ID,TAGNUM,TAGPRICE) values(SEQ_MODEL_INFO.NEXTVAL,'GT-I8558','GT-I8558',2,1,1);
insert into TY_MODEL_INFO(MODEL_ID,UA,MODEL_NAME,GROUP_ID,TAGNUM,TAGPRICE) values(SEQ_MODEL_INFO.NEXTVAL,'GT-I9300I','GT-I9300I',2,1,1);
insert into TY_MODEL_INFO(MODEL_ID,UA,MODEL_NAME,GROUP_ID,TAGNUM,TAGPRICE) values(SEQ_MODEL_INFO.NEXTVAL,'GT-I9152P','GT-I9152P',2,1,1);
insert into TY_MODEL_INFO(MODEL_ID,UA,MODEL_NAME,GROUP_ID,TAGNUM,TAGPRICE) values(SEQ_MODEL_INFO.NEXTVAL,'H30-U10','H30-U10',2,1,1);
insert into TY_MODEL_INFO(MODEL_ID,UA,MODEL_NAME,GROUP_ID,TAGNUM,TAGPRICE) values(SEQ_MODEL_INFO.NEXTVAL,'Coolpad_7320','Coolpad_7320',2,1,1);
insert into TY_MODEL_INFO(MODEL_ID,UA,MODEL_NAME,GROUP_ID,TAGNUM,TAGPRICE) values(SEQ_MODEL_INFO.NEXTVAL,'Coolpad_7320','Coolpad_7320',2,1,1);
insert into TY_MODEL_INFO(MODEL_ID,UA,MODEL_NAME,GROUP_ID,TAGNUM,TAGPRICE) values(SEQ_MODEL_INFO.NEXTVAL,'Coolpad_7320','Coolpad_7320',2,1,1);





insert into TY_DICT_INFO(DICT_ID,KEY_CODE,KEY_VALUE,REMARK,CREATE_TIME,UPDATE_TIME)values (SEQ_DICT_INFO.NEXTVAL,'system_init_date','2014-06-20 00:00:00','系统初始化时间',SYSDATE,SYSDATE);

