INSERT INTO TY_CHANNEL_GROUP(GROUP_ID,GROUP_NAME) VALUES(1,'天音渠道');
INSERT INTO TY_CHANNEL_GROUP(GROUP_ID,GROUP_NAME) VALUES(2,'地包渠道');
INSERT INTO TY_CHANNEL_GROUP(GROUP_ID,GROUP_NAME) VALUES(3,'其他渠道');
INSERT INTO TY_CHANNEL_GROUP(GROUP_ID,GROUP_NAME) VALUES(4,'劳务渠道');

insert into TY_DICT_INFO(DICT_ID,KEY_CODE,KEY_VALUE,REMARK,CREATE_TIME,UPDATE_TIME)values (SEQ_DICT_INFO.NEXTVAL,'system_init_date','2014-06-01 00:00:00','系统初始化时间',SYSDATE,SYSDATE);



Insert into TY_RESOURCE (RESOURCE_ID,PARENT_ID,RES_NAME,RES_URL,FULL_PATH,LEVELS,CREATE_TIME) values (1,-1,'根','root','1',0,to_date('2014-06-28', 'YYYY-mm-dd'));
Insert into TY_RESOURCE (RESOURCE_ID,PARENT_ID,RES_NAME,RES_URL,FULL_PATH,LEVELS,CREATE_TIME) values (2,1,'渠道管理','channel','1/2',1,to_date('2014-06-28', 'YYYY-mm-dd'));
Insert into TY_RESOURCE (RESOURCE_ID,PARENT_ID,RES_NAME,RES_URL,FULL_PATH,LEVELS,CREATE_TIME) values (3,1,'机型管理','model','1/3',1,to_date('2014-06-28', 'YYYY-mm-dd'));
Insert into TY_RESOURCE (RESOURCE_ID,PARENT_ID,RES_NAME,RES_URL,FULL_PATH,LEVELS,CREATE_TIME) values (4,1,'工装管理','device','1/4',1,to_date('2014-06-28', 'YYYY-mm-dd'));
Insert into TY_RESOURCE (RESOURCE_ID,PARENT_ID,RES_NAME,RES_URL,FULL_PATH,LEVELS,CREATE_TIME) values (5,1,'合作方管理','partner','1/5',1,to_date('2014-06-28', 'YYYY-mm-dd'));
Insert into TY_RESOURCE (RESOURCE_ID,PARENT_ID,RES_NAME,RES_URL,FULL_PATH,LEVELS,CREATE_TIME) values (6,1,'产品管理','product','1/6',1,to_date('2014-06-28', 'YYYY-mm-dd'));
Insert into TY_RESOURCE (RESOURCE_ID,PARENT_ID,RES_NAME,RES_URL,FULL_PATH,LEVELS,CREATE_TIME) values (7,1,'批次管理','batch','1/7',1,to_date('2014-06-28', 'YYYY-mm-dd'));
Insert into TY_RESOURCE (RESOURCE_ID,PARENT_ID,RES_NAME,RES_URL,FULL_PATH,LEVELS,CREATE_TIME) values (8,1,'设备系统管理','devSys','1/8',1,to_date('2014-06-28', 'YYYY-mm-dd'));
Insert into TY_RESOURCE (RESOURCE_ID,PARENT_ID,RES_NAME,RES_URL,FULL_PATH,LEVELS,CREATE_TIME) values (9,1,'发布管理','publish','1/9',1,to_date('2014-06-28', 'YYYY-mm-dd'));
Insert into TY_RESOURCE (RESOURCE_ID,PARENT_ID,RES_NAME,RES_URL,FULL_PATH,LEVELS,CREATE_TIME) values (10,1,'地包渠道结算条款','settle','1/10',1,to_date('2014-06-28', 'YYYY-mm-dd'));
Insert into TY_RESOURCE (RESOURCE_ID,PARENT_ID,RES_NAME,RES_URL,FULL_PATH,LEVELS,CREATE_TIME) values (11,1,'合作方查询后台','logCount','1/11',1,to_date('2014-06-28', 'YYYY-mm-dd'));
Insert into TY_RESOURCE (RESOURCE_ID,PARENT_ID,RES_NAME,RES_URL,FULL_PATH,LEVELS,CREATE_TIME) values (12,1,'报表统计','report','1/12',1,to_date('2014-06-28', 'YYYY-mm-dd'));
Insert into TY_RESOURCE (RESOURCE_ID,PARENT_ID,RES_NAME,RES_URL,FULL_PATH,LEVELS,CREATE_TIME) values (13,1,'系统用户管理','system','1/13',1,to_date('2014-06-28', 'YYYY-mm-dd'));



Insert into TY_ROLE (ROLE_ID,ROLE_NAME,PARENT_ID,FULL_PATH,LEVELS,CREATE_TIME,"type","del_disable") values (3,'user',-1,'1',1,to_date('2014-06-28', 'YYYY-mm-dd'),3,0);
Insert into TY_ROLE (ROLE_ID,ROLE_NAME,PARENT_ID,FULL_PATH,LEVELS,CREATE_TIME,"type","del_disable") values (2,'manager',-1,'1',1,to_date('2014-06-28', 'YYYY-mm-dd'),2,0);
Insert into TY_ROLE (ROLE_ID,ROLE_NAME,PARENT_ID,FULL_PATH,LEVELS,CREATE_TIME,"type","del_disable") values (1,'admin',-1,'1',1,to_date('2014-06-28', 'YYYY-mm-dd'),1,0);


Insert into TY_ROLE_RESOURCE_REF (ID,ROLE_ID,RESOURCE_ID,ACCES,CREATE_TIME) values (1,1,1,1,to_date('2014-06-28', 'YYYY-mm-dd'));
Insert into TY_ROLE_RESOURCE_REF (ID,ROLE_ID,RESOURCE_ID,ACCES,CREATE_TIME) values (2,1,2,1,to_date('2014-06-28', 'YYYY-mm-dd'));
Insert into TY_ROLE_RESOURCE_REF (ID,ROLE_ID,RESOURCE_ID,ACCES,CREATE_TIME) values (3,1,3,1,to_date('2014-06-28', 'YYYY-mm-dd'));
Insert into TY_ROLE_RESOURCE_REF (ID,ROLE_ID,RESOURCE_ID,ACCES,CREATE_TIME) values (4,1,4,1,to_date('2014-06-28', 'YYYY-mm-dd'));
Insert into TY_ROLE_RESOURCE_REF (ID,ROLE_ID,RESOURCE_ID,ACCES,CREATE_TIME) values (5,1,5,1,to_date('2014-06-28', 'YYYY-mm-dd'));
Insert into TY_ROLE_RESOURCE_REF (ID,ROLE_ID,RESOURCE_ID,ACCES,CREATE_TIME) values (6,1,6,1,to_date('2014-06-28', 'YYYY-mm-dd'));
Insert into TY_ROLE_RESOURCE_REF (ID,ROLE_ID,RESOURCE_ID,ACCES,CREATE_TIME) values (7,1,7,1,to_date('2014-06-28', 'YYYY-mm-dd'));
Insert into TY_ROLE_RESOURCE_REF (ID,ROLE_ID,RESOURCE_ID,ACCES,CREATE_TIME) values (8,1,8,1,to_date('2014-06-28', 'YYYY-mm-dd'));
Insert into TY_ROLE_RESOURCE_REF (ID,ROLE_ID,RESOURCE_ID,ACCES,CREATE_TIME) values (9,1,9,1,to_date('2014-06-28', 'YYYY-mm-dd'));
Insert into TY_ROLE_RESOURCE_REF (ID,ROLE_ID,RESOURCE_ID,ACCES,CREATE_TIME) values (10,1,10,1,to_date('2014-06-28', 'YYYY-mm-dd'));
Insert into TY_ROLE_RESOURCE_REF (ID,ROLE_ID,RESOURCE_ID,ACCES,CREATE_TIME) values (11,1,11,1,to_date('2014-06-28', 'YYYY-mm-dd'));
Insert into TY_ROLE_RESOURCE_REF (ID,ROLE_ID,RESOURCE_ID,ACCES,CREATE_TIME) values (12,1,12,1,to_date('2014-06-28', 'YYYY-mm-dd'));
Insert into TY_ROLE_RESOURCE_REF (ID,ROLE_ID,RESOURCE_ID,ACCES,CREATE_TIME) values (13,1,13,1,to_date('2014-06-28', 'YYYY-mm-dd'));


Insert into TY_USER (USER_ID,LOGIN_NAME,REAL_NAME,PASSWORD,CELLPHONE,ADDRESS,STATUS,TYPE,CREATE_TIME,UPDATE_TIME) values (1,'admin','admin','123456','1388888888','北京市海淀区',1,3,to_date('2014-06-28', 'YYYY-mm-dd'),to_date('2014-06-28', 'YYYY-mm-dd'));


Insert into TY_USER_ROLE_REF (ID,USER_ID,ROLE_ID,CREATE_TIME) values (1,1,1,to_date('2014-06-28', 'YYYY-mm-dd'));
