INSERT INTO TY_CHANNEL_GROUP(GROUP_ID,GROUP_NAME) VALUES(1,'天音渠道');
INSERT INTO TY_CHANNEL_GROUP(GROUP_ID,GROUP_NAME) VALUES(2,'地包渠道');
INSERT INTO TY_CHANNEL_GROUP(GROUP_ID,GROUP_NAME) VALUES(3,'其他渠道');
INSERT INTO TY_CHANNEL_GROUP(GROUP_ID,GROUP_NAME) VALUES(4,'劳务渠道');

insert into TY_DICT_INFO(DICT_ID,KEY_CODE,KEY_VALUE,REMARK,CREATE_TIME,UPDATE_TIME)values (SEQ_DICT_INFO.NEXTVAL,'system_init_date','2014-06-01 00:00:00','系统初始化时间',SYSDATE,SYSDATE);



Insert into TY_RESOURCE (RESOURCE_ID,PARENT_ID,RES_NAME,RES_URL,FULL_PATH,LEVELS,CREATE_TIME) values (	1	,	-1	,'根','root','',	0	,	SYSDATE	);
Insert into TY_RESOURCE (RESOURCE_ID,PARENT_ID,RES_NAME,RES_URL,FULL_PATH,LEVELS,CREATE_TIME) values (	10	,	1	,'渠道管理','channel_menu','',	1	,	SYSDATE	);
Insert into TY_RESOURCE (RESOURCE_ID,PARENT_ID,RES_NAME,RES_URL,FULL_PATH,LEVELS,CREATE_TIME) values (	1010	,	10	,'天音渠道','channel_ty','',	2	,	SYSDATE	);
Insert into TY_RESOURCE (RESOURCE_ID,PARENT_ID,RES_NAME,RES_URL,FULL_PATH,LEVELS,CREATE_TIME) values (	101010	,	1010	,'增加','channel_ty_add','',	3	,	SYSDATE	);
Insert into TY_RESOURCE (RESOURCE_ID,PARENT_ID,RES_NAME,RES_URL,FULL_PATH,LEVELS,CREATE_TIME) values (	101011	,	1010	,'修改','channel_ty_update','',	3	,	SYSDATE	);
Insert into TY_RESOURCE (RESOURCE_ID,PARENT_ID,RES_NAME,RES_URL,FULL_PATH,LEVELS,CREATE_TIME) values (	101012	,	1010	,'删除','channel_ty_delete','',	3	,	SYSDATE	);
Insert into TY_RESOURCE (RESOURCE_ID,PARENT_ID,RES_NAME,RES_URL,FULL_PATH,LEVELS,CREATE_TIME) values (	1020	,	10	,'地包渠道','channel_db','',	2	,	SYSDATE	);
Insert into TY_RESOURCE (RESOURCE_ID,PARENT_ID,RES_NAME,RES_URL,FULL_PATH,LEVELS,CREATE_TIME) values (	102010	,	1020	,'增加','channel_db_add','',	3	,	SYSDATE	);
Insert into TY_RESOURCE (RESOURCE_ID,PARENT_ID,RES_NAME,RES_URL,FULL_PATH,LEVELS,CREATE_TIME) values (	102011	,	1020	,'修改','channel_db_update','',	3	,	SYSDATE	);
Insert into TY_RESOURCE (RESOURCE_ID,PARENT_ID,RES_NAME,RES_URL,FULL_PATH,LEVELS,CREATE_TIME) values (	102012	,	1020	,'删除','channel_db_delete','',	3	,	SYSDATE	);
Insert into TY_RESOURCE (RESOURCE_ID,PARENT_ID,RES_NAME,RES_URL,FULL_PATH,LEVELS,CREATE_TIME) values (	1030	,	10	,'其他渠道','channel_qt','',	2	,	SYSDATE	);
Insert into TY_RESOURCE (RESOURCE_ID,PARENT_ID,RES_NAME,RES_URL,FULL_PATH,LEVELS,CREATE_TIME) values (	103010	,	1030	,'增加','channel_qt_add','',	3	,	SYSDATE	);
Insert into TY_RESOURCE (RESOURCE_ID,PARENT_ID,RES_NAME,RES_URL,FULL_PATH,LEVELS,CREATE_TIME) values (	103011	,	1030	,'修改','channel_qt_update','',	3	,	SYSDATE	);
Insert into TY_RESOURCE (RESOURCE_ID,PARENT_ID,RES_NAME,RES_URL,FULL_PATH,LEVELS,CREATE_TIME) values (	103012	,	1030	,'删除','channel_qt_delete','',	3	,	SYSDATE	);
Insert into TY_RESOURCE (RESOURCE_ID,PARENT_ID,RES_NAME,RES_URL,FULL_PATH,LEVELS,CREATE_TIME) values (	1040	,	10	,'劳务渠道','channel_lw','',	2	,	SYSDATE	);
Insert into TY_RESOURCE (RESOURCE_ID,PARENT_ID,RES_NAME,RES_URL,FULL_PATH,LEVELS,CREATE_TIME) values (	104010	,	1040	,'增加','channel_lw_add','',	3	,	SYSDATE	);
Insert into TY_RESOURCE (RESOURCE_ID,PARENT_ID,RES_NAME,RES_URL,FULL_PATH,LEVELS,CREATE_TIME) values (	104011	,	1040	,'修改','channel_lw_update','',	3	,	SYSDATE	);
Insert into TY_RESOURCE (RESOURCE_ID,PARENT_ID,RES_NAME,RES_URL,FULL_PATH,LEVELS,CREATE_TIME) values (	104012	,	1040	,'删除','channel_lw_delete','',	3	,	SYSDATE	);
Insert into TY_RESOURCE (RESOURCE_ID,PARENT_ID,RES_NAME,RES_URL,FULL_PATH,LEVELS,CREATE_TIME) values (	20	,	1	,'机型管理','model_menu','',	1	,	SYSDATE	);
Insert into TY_RESOURCE (RESOURCE_ID,PARENT_ID,RES_NAME,RES_URL,FULL_PATH,LEVELS,CREATE_TIME) values (	2010	,	20	,'天音渠道机型','model_ty','',	2	,	SYSDATE	);
Insert into TY_RESOURCE (RESOURCE_ID,PARENT_ID,RES_NAME,RES_URL,FULL_PATH,LEVELS,CREATE_TIME) values (	201010	,	2010	,'增加','modle_ty_add','',	3	,	SYSDATE	);
Insert into TY_RESOURCE (RESOURCE_ID,PARENT_ID,RES_NAME,RES_URL,FULL_PATH,LEVELS,CREATE_TIME) values (	201011	,	2010	,'修改','modle_ty_update','',	3	,	SYSDATE	);
Insert into TY_RESOURCE (RESOURCE_ID,PARENT_ID,RES_NAME,RES_URL,FULL_PATH,LEVELS,CREATE_TIME) values (	201012	,	2010	,'删除','modle_ty_delete','',	3	,	SYSDATE	);
Insert into TY_RESOURCE (RESOURCE_ID,PARENT_ID,RES_NAME,RES_URL,FULL_PATH,LEVELS,CREATE_TIME) values (	2020	,	20	,'地包渠道机型','modle_db','',	2	,	SYSDATE	);
Insert into TY_RESOURCE (RESOURCE_ID,PARENT_ID,RES_NAME,RES_URL,FULL_PATH,LEVELS,CREATE_TIME) values (	202010	,	600	,'增加','modle_db_add','',	3	,	SYSDATE	);
Insert into TY_RESOURCE (RESOURCE_ID,PARENT_ID,RES_NAME,RES_URL,FULL_PATH,LEVELS,CREATE_TIME) values (	202011	,	600	,'修改','modle_db_update','',	3	,	SYSDATE	);
Insert into TY_RESOURCE (RESOURCE_ID,PARENT_ID,RES_NAME,RES_URL,FULL_PATH,LEVELS,CREATE_TIME) values (	202012	,	600	,'删除','modle_db_delete','',	3	,	SYSDATE	);
Insert into TY_RESOURCE (RESOURCE_ID,PARENT_ID,RES_NAME,RES_URL,FULL_PATH,LEVELS,CREATE_TIME) values (	2030	,	20	,'其他渠道机型','modle_qt','',	2	,	SYSDATE	);
Insert into TY_RESOURCE (RESOURCE_ID,PARENT_ID,RES_NAME,RES_URL,FULL_PATH,LEVELS,CREATE_TIME) values (	203010	,	700	,'增加','modle_qt_add','',	3	,	SYSDATE	);
Insert into TY_RESOURCE (RESOURCE_ID,PARENT_ID,RES_NAME,RES_URL,FULL_PATH,LEVELS,CREATE_TIME) values (	203011	,	700	,'修改','modle_qt_update','',	3	,	SYSDATE	);
Insert into TY_RESOURCE (RESOURCE_ID,PARENT_ID,RES_NAME,RES_URL,FULL_PATH,LEVELS,CREATE_TIME) values (	203012	,	700	,'删除','modle_qt_delete','',	3	,	SYSDATE	);
Insert into TY_RESOURCE (RESOURCE_ID,PARENT_ID,RES_NAME,RES_URL,FULL_PATH,LEVELS,CREATE_TIME) values (	30	,	1	,'工装管理','device','',	1	,	SYSDATE	);
Insert into TY_RESOURCE (RESOURCE_ID,PARENT_ID,RES_NAME,RES_URL,FULL_PATH,LEVELS,CREATE_TIME) values (	3010	,	30	,'工装管理','device_menu','',	2	,	SYSDATE	);
Insert into TY_RESOURCE (RESOURCE_ID,PARENT_ID,RES_NAME,RES_URL,FULL_PATH,LEVELS,CREATE_TIME) values (	301010	,	30	,'增加','device_add','',	3	,	SYSDATE	);
Insert into TY_RESOURCE (RESOURCE_ID,PARENT_ID,RES_NAME,RES_URL,FULL_PATH,LEVELS,CREATE_TIME) values (	301011	,	30	,'修改','device_update','',	3	,	SYSDATE	);
Insert into TY_RESOURCE (RESOURCE_ID,PARENT_ID,RES_NAME,RES_URL,FULL_PATH,LEVELS,CREATE_TIME) values (	301012	,	30	,'删除','device_delete','',	3	,	SYSDATE	);
Insert into TY_RESOURCE (RESOURCE_ID,PARENT_ID,RES_NAME,RES_URL,FULL_PATH,LEVELS,CREATE_TIME) values (	40	,	1	,'合作方管理','partner_menu','',	1	,	SYSDATE	);
Insert into TY_RESOURCE (RESOURCE_ID,PARENT_ID,RES_NAME,RES_URL,FULL_PATH,LEVELS,CREATE_TIME) values (	4010	,	40	,'合作方管理','partner','',	2	,	SYSDATE	);
Insert into TY_RESOURCE (RESOURCE_ID,PARENT_ID,RES_NAME,RES_URL,FULL_PATH,LEVELS,CREATE_TIME) values (	401010	,	900	,'增加','partner_add','',	3	,	SYSDATE	);
Insert into TY_RESOURCE (RESOURCE_ID,PARENT_ID,RES_NAME,RES_URL,FULL_PATH,LEVELS,CREATE_TIME) values (	401011	,	900	,'修改','partner_update','',	3	,	SYSDATE	);
Insert into TY_RESOURCE (RESOURCE_ID,PARENT_ID,RES_NAME,RES_URL,FULL_PATH,LEVELS,CREATE_TIME) values (	401012	,	900	,'删除','partner_delete','',	3	,	SYSDATE	);
Insert into TY_RESOURCE (RESOURCE_ID,PARENT_ID,RES_NAME,RES_URL,FULL_PATH,LEVELS,CREATE_TIME) values (	50	,	1	,'产品管理','product_menu','',	1	,	SYSDATE	);
Insert into TY_RESOURCE (RESOURCE_ID,PARENT_ID,RES_NAME,RES_URL,FULL_PATH,LEVELS,CREATE_TIME) values (	5010	,	50	,'产品管理','product','',	2	,	SYSDATE	);
Insert into TY_RESOURCE (RESOURCE_ID,PARENT_ID,RES_NAME,RES_URL,FULL_PATH,LEVELS,CREATE_TIME) values (	501010	,	5010	,'增加','product_add','',	3	,	SYSDATE	);
Insert into TY_RESOURCE (RESOURCE_ID,PARENT_ID,RES_NAME,RES_URL,FULL_PATH,LEVELS,CREATE_TIME) values (	501011	,	5010	,'修改','product_update','',	3	,	SYSDATE	);
Insert into TY_RESOURCE (RESOURCE_ID,PARENT_ID,RES_NAME,RES_URL,FULL_PATH,LEVELS,CREATE_TIME) values (	501012	,	5010	,'删除','product_delete','',	3	,	SYSDATE	);
Insert into TY_RESOURCE (RESOURCE_ID,PARENT_ID,RES_NAME,RES_URL,FULL_PATH,LEVELS,CREATE_TIME) values (	60	,	1	,'批次管理','batch_menu','',	1	,	SYSDATE	);
Insert into TY_RESOURCE (RESOURCE_ID,PARENT_ID,RES_NAME,RES_URL,FULL_PATH,LEVELS,CREATE_TIME) values (	6010	,	60	,'天音渠道批次','batch_ty','',	2	,	SYSDATE	);
Insert into TY_RESOURCE (RESOURCE_ID,PARENT_ID,RES_NAME,RES_URL,FULL_PATH,LEVELS,CREATE_TIME) values (	601010	,	6010	,'增加','batch_ty_add','',	3	,	SYSDATE	);
Insert into TY_RESOURCE (RESOURCE_ID,PARENT_ID,RES_NAME,RES_URL,FULL_PATH,LEVELS,CREATE_TIME) values (	601011	,	6010	,'修改','batch_ty_update','',	3	,	SYSDATE	);
Insert into TY_RESOURCE (RESOURCE_ID,PARENT_ID,RES_NAME,RES_URL,FULL_PATH,LEVELS,CREATE_TIME) values (	601012	,	6010	,'删除','batch_ty_delete','',	3	,	SYSDATE	);
Insert into TY_RESOURCE (RESOURCE_ID,PARENT_ID,RES_NAME,RES_URL,FULL_PATH,LEVELS,CREATE_TIME) values (	6020	,	60	,'地包渠道批次','batch_db','',	2	,	SYSDATE	);
Insert into TY_RESOURCE (RESOURCE_ID,PARENT_ID,RES_NAME,RES_URL,FULL_PATH,LEVELS,CREATE_TIME) values (	602010	,	6020	,'增加','batch_db_add','',	3	,	SYSDATE	);
Insert into TY_RESOURCE (RESOURCE_ID,PARENT_ID,RES_NAME,RES_URL,FULL_PATH,LEVELS,CREATE_TIME) values (	602011	,	6020	,'修改','batch_db_update','',	3	,	SYSDATE	);
Insert into TY_RESOURCE (RESOURCE_ID,PARENT_ID,RES_NAME,RES_URL,FULL_PATH,LEVELS,CREATE_TIME) values (	602012	,	6020	,'删除','batch_db_delete','',	3	,	SYSDATE	);
Insert into TY_RESOURCE (RESOURCE_ID,PARENT_ID,RES_NAME,RES_URL,FULL_PATH,LEVELS,CREATE_TIME) values (	6030	,	60	,'其他渠道批次','batch_qt','',	2	,	SYSDATE	);
Insert into TY_RESOURCE (RESOURCE_ID,PARENT_ID,RES_NAME,RES_URL,FULL_PATH,LEVELS,CREATE_TIME) values (	603010	,	6030	,'增加','batch_qt_add','',	3	,	SYSDATE	);
Insert into TY_RESOURCE (RESOURCE_ID,PARENT_ID,RES_NAME,RES_URL,FULL_PATH,LEVELS,CREATE_TIME) values (	603011	,	6030	,'修改','batch_qt_update','',	3	,	SYSDATE	);
Insert into TY_RESOURCE (RESOURCE_ID,PARENT_ID,RES_NAME,RES_URL,FULL_PATH,LEVELS,CREATE_TIME) values (	603012	,	6030	,'删除','batch_qt_delete','',	3	,	SYSDATE	);
Insert into TY_RESOURCE (RESOURCE_ID,PARENT_ID,RES_NAME,RES_URL,FULL_PATH,LEVELS,CREATE_TIME) values (	70	,	1	,'设备系统管理','devicesystem_menu','',	1	,	SYSDATE	);
Insert into TY_RESOURCE (RESOURCE_ID,PARENT_ID,RES_NAME,RES_URL,FULL_PATH,LEVELS,CREATE_TIME) values (	7010	,	70	,'设备系统管理','devicesystem','',	2	,	SYSDATE	);
Insert into TY_RESOURCE (RESOURCE_ID,PARENT_ID,RES_NAME,RES_URL,FULL_PATH,LEVELS,CREATE_TIME) values (	701010	,	7010	,'增加','devicesystem_add','',	3	,	SYSDATE	);
Insert into TY_RESOURCE (RESOURCE_ID,PARENT_ID,RES_NAME,RES_URL,FULL_PATH,LEVELS,CREATE_TIME) values (	701011	,	7010	,'修改','devicesystem_update','',	3	,	SYSDATE	);
Insert into TY_RESOURCE (RESOURCE_ID,PARENT_ID,RES_NAME,RES_URL,FULL_PATH,LEVELS,CREATE_TIME) values (	701012	,	7010	,'删除','devicesystem_delete','',	3	,	SYSDATE	);
Insert into TY_RESOURCE (RESOURCE_ID,PARENT_ID,RES_NAME,RES_URL,FULL_PATH,LEVELS,CREATE_TIME) values (	80	,	1	,'发布管理','publish_menu','',	1	,	SYSDATE	);
Insert into TY_RESOURCE (RESOURCE_ID,PARENT_ID,RES_NAME,RES_URL,FULL_PATH,LEVELS,CREATE_TIME) values (	8010	,	80	,'APK管理','publish_apk','',	2	,	SYSDATE	);
Insert into TY_RESOURCE (RESOURCE_ID,PARENT_ID,RES_NAME,RES_URL,FULL_PATH,LEVELS,CREATE_TIME) values (	801010	,	8010	,'增加','publish_apk_add','',	3	,	SYSDATE	);
Insert into TY_RESOURCE (RESOURCE_ID,PARENT_ID,RES_NAME,RES_URL,FULL_PATH,LEVELS,CREATE_TIME) values (	801011	,	8010	,'修改','publish_apk_update','',	3	,	SYSDATE	);
Insert into TY_RESOURCE (RESOURCE_ID,PARENT_ID,RES_NAME,RES_URL,FULL_PATH,LEVELS,CREATE_TIME) values (	801012	,	8010	,'删除','publish_apk_delete','',	3	,	SYSDATE	);
Insert into TY_RESOURCE (RESOURCE_ID,PARENT_ID,RES_NAME,RES_URL,FULL_PATH,LEVELS,CREATE_TIME) values (	8020	,	80	,'普通包管理','publish_normal_pkg','',	2	,	SYSDATE	);
Insert into TY_RESOURCE (RESOURCE_ID,PARENT_ID,RES_NAME,RES_URL,FULL_PATH,LEVELS,CREATE_TIME) values (	802010	,	8020	,'增加','publish_normal_pkg_add','',	3	,	SYSDATE	);
Insert into TY_RESOURCE (RESOURCE_ID,PARENT_ID,RES_NAME,RES_URL,FULL_PATH,LEVELS,CREATE_TIME) values (	802011	,	8020	,'修改','publish_normal_pkg_update','',	3	,	SYSDATE	);
Insert into TY_RESOURCE (RESOURCE_ID,PARENT_ID,RES_NAME,RES_URL,FULL_PATH,LEVELS,CREATE_TIME) values (	802012	,	8020	,'删除','publish_normal_pkg_delete','',	3	,	SYSDATE	);
Insert into TY_RESOURCE (RESOURCE_ID,PARENT_ID,RES_NAME,RES_URL,FULL_PATH,LEVELS,CREATE_TIME) values (	8030	,	80	,'通用包管理','publish_common_pkg','',	2	,	SYSDATE	);
Insert into TY_RESOURCE (RESOURCE_ID,PARENT_ID,RES_NAME,RES_URL,FULL_PATH,LEVELS,CREATE_TIME) values (	803010	,	8030	,'增加','publish_common_pkg_add','',	3	,	SYSDATE	);
Insert into TY_RESOURCE (RESOURCE_ID,PARENT_ID,RES_NAME,RES_URL,FULL_PATH,LEVELS,CREATE_TIME) values (	803011	,	8030	,'修改','publish_common_pkg_update','',	3	,	SYSDATE	);
Insert into TY_RESOURCE (RESOURCE_ID,PARENT_ID,RES_NAME,RES_URL,FULL_PATH,LEVELS,CREATE_TIME) values (	803012	,	8030	,'删除','publish_common_pkg_delete','',	3	,	SYSDATE	);
Insert into TY_RESOURCE (RESOURCE_ID,PARENT_ID,RES_NAME,RES_URL,FULL_PATH,LEVELS,CREATE_TIME) values (	8040	,	80	,'发布任务管理','publish_task','',	2	,	SYSDATE	);
Insert into TY_RESOURCE (RESOURCE_ID,PARENT_ID,RES_NAME,RES_URL,FULL_PATH,LEVELS,CREATE_TIME) values (	804010	,	8040	,'增加','publish_task_add','',	3	,	SYSDATE	);
Insert into TY_RESOURCE (RESOURCE_ID,PARENT_ID,RES_NAME,RES_URL,FULL_PATH,LEVELS,CREATE_TIME) values (	804011	,	8040	,'修改','publish_task_delete','',	3	,	SYSDATE	);
Insert into TY_RESOURCE (RESOURCE_ID,PARENT_ID,RES_NAME,RES_URL,FULL_PATH,LEVELS,CREATE_TIME) values (	90	,	1	,'地包渠道结算条款','settle_menu','',	1	,	SYSDATE	);
Insert into TY_RESOURCE (RESOURCE_ID,PARENT_ID,RES_NAME,RES_URL,FULL_PATH,LEVELS,CREATE_TIME) values (	9010	,	90	,'地包渠道结算条款','settle','',	2	,	SYSDATE	);
Insert into TY_RESOURCE (RESOURCE_ID,PARENT_ID,RES_NAME,RES_URL,FULL_PATH,LEVELS,CREATE_TIME) values (	901010	,	9010	,'增加','settle_add','',	3	,	SYSDATE	);
Insert into TY_RESOURCE (RESOURCE_ID,PARENT_ID,RES_NAME,RES_URL,FULL_PATH,LEVELS,CREATE_TIME) values (	901011	,	9010	,'修改','settle_update','',	3	,	SYSDATE	);
Insert into TY_RESOURCE (RESOURCE_ID,PARENT_ID,RES_NAME,RES_URL,FULL_PATH,LEVELS,CREATE_TIME) values (	901012	,	9010	,'删除','settle_delete','',	3	,	SYSDATE	);
Insert into TY_RESOURCE (RESOURCE_ID,PARENT_ID,RES_NAME,RES_URL,FULL_PATH,LEVELS,CREATE_TIME) values (	100	,	1	,'合作方查询后台','partnerquery_menu','',	1	,	SYSDATE	);
Insert into TY_RESOURCE (RESOURCE_ID,PARENT_ID,RES_NAME,RES_URL,FULL_PATH,LEVELS,CREATE_TIME) values (	10010	,	100	,'天音渠道','partnerquery_ty','',	2	,	SYSDATE	);
Insert into TY_RESOURCE (RESOURCE_ID,PARENT_ID,RES_NAME,RES_URL,FULL_PATH,LEVELS,CREATE_TIME) values (	10011	,	100	,'地包渠道','partnerquery_db','',	2	,	SYSDATE	);
Insert into TY_RESOURCE (RESOURCE_ID,PARENT_ID,RES_NAME,RES_URL,FULL_PATH,LEVELS,CREATE_TIME) values (	10012	,	100	,'cp合作方','partnerquery_cphzf','',	2	,	SYSDATE	);
Insert into TY_RESOURCE (RESOURCE_ID,PARENT_ID,RES_NAME,RES_URL,FULL_PATH,LEVELS,CREATE_TIME) values (	10013	,	100	,'劳务渠道','partnerquery_lw','',	2	,	SYSDATE	);
Insert into TY_RESOURCE (RESOURCE_ID,PARENT_ID,RES_NAME,RES_URL,FULL_PATH,LEVELS,CREATE_TIME) values (	110	,	1	,'报表统计','report_menu','',	1	,	SYSDATE	);
Insert into TY_RESOURCE (RESOURCE_ID,PARENT_ID,RES_NAME,RES_URL,FULL_PATH,LEVELS,CREATE_TIME) values (	11010	,	110	,'按仓库查询','report_store','',	2	,	SYSDATE	);
Insert into TY_RESOURCE (RESOURCE_ID,PARENT_ID,RES_NAME,RES_URL,FULL_PATH,LEVELS,CREATE_TIME) values (	11011	,	11010	,'按渠道加工数据','report_channel_device','',	2	,	SYSDATE	);
Insert into TY_RESOURCE (RESOURCE_ID,PARENT_ID,RES_NAME,RES_URL,FULL_PATH,LEVELS,CREATE_TIME) values (	11012	,	11010	,'按渠道到达数据','report_channel_counter','',	2	,	SYSDATE	);
Insert into TY_RESOURCE (RESOURCE_ID,PARENT_ID,RES_NAME,RES_URL,FULL_PATH,LEVELS,CREATE_TIME) values (	11013	,	11010	,'按产品查询','report_porduct','',	2	,	SYSDATE	);
Insert into TY_RESOURCE (RESOURCE_ID,PARENT_ID,RES_NAME,RES_URL,FULL_PATH,LEVELS,CREATE_TIME) values (	120	,	1	,'系统用户管理','system_menu','',	1	,	SYSDATE	);
Insert into TY_RESOURCE (RESOURCE_ID,PARENT_ID,RES_NAME,RES_URL,FULL_PATH,LEVELS,CREATE_TIME) values (	12010	,	120	,'系统用户管理','system_user','',	2	,	SYSDATE	);
Insert into TY_RESOURCE (RESOURCE_ID,PARENT_ID,RES_NAME,RES_URL,FULL_PATH,LEVELS,CREATE_TIME) values (	1201010	,	12010	,'增加','system_user_add','',	3	,	SYSDATE	);
Insert into TY_RESOURCE (RESOURCE_ID,PARENT_ID,RES_NAME,RES_URL,FULL_PATH,LEVELS,CREATE_TIME) values (	1201011	,	12010	,'修改','system_user_update','',	3	,	SYSDATE	);
Insert into TY_RESOURCE (RESOURCE_ID,PARENT_ID,RES_NAME,RES_URL,FULL_PATH,LEVELS,CREATE_TIME) values (	1201012	,	12010	,'删除','system_user_delete','',	3	,	SYSDATE	);
Insert into TY_RESOURCE (RESOURCE_ID,PARENT_ID,RES_NAME,RES_URL,FULL_PATH,LEVELS,CREATE_TIME) values (	1201013	,	12010	,'重置密码','system_user_update_pw','',	3	,	SYSDATE	);
Insert into TY_RESOURCE (RESOURCE_ID,PARENT_ID,RES_NAME,RES_URL,FULL_PATH,LEVELS,CREATE_TIME) values (	12020	,	120	,'角色管理','system_role','',	2	,	SYSDATE	);
Insert into TY_RESOURCE (RESOURCE_ID,PARENT_ID,RES_NAME,RES_URL,FULL_PATH,LEVELS,CREATE_TIME) values (	1202010	,	12020	,'增加','system_role_add','',	3	,	SYSDATE	);
Insert into TY_RESOURCE (RESOURCE_ID,PARENT_ID,RES_NAME,RES_URL,FULL_PATH,LEVELS,CREATE_TIME) values (	1202011	,	12020	,'修改','system_role_update','',	3	,	SYSDATE	);
Insert into TY_RESOURCE (RESOURCE_ID,PARENT_ID,RES_NAME,RES_URL,FULL_PATH,LEVELS,CREATE_TIME) values (	1202012	,	12020	,'删除','system_role_delete','',	3	,	SYSDATE	);
Insert into TY_RESOURCE (RESOURCE_ID,PARENT_ID,RES_NAME,RES_URL,FULL_PATH,LEVELS,CREATE_TIME) values (	12030	,	120	,'授权管理','system_auth','',	2	,	SYSDATE	);
Insert into TY_RESOURCE (RESOURCE_ID,PARENT_ID,RES_NAME,RES_URL,FULL_PATH,LEVELS,CREATE_TIME) values (	1203010	,	12030	,'授权','system_auth_btn','',	3	,	SYSDATE	);
Insert into TY_RESOURCE (RESOURCE_ID,PARENT_ID,RES_NAME,RES_URL,FULL_PATH,LEVELS,CREATE_TIME) values (	130	,	1	,'辅助功能','help_menu','',	1	,	SYSDATE	);
Insert into TY_RESOURCE (RESOURCE_ID,PARENT_ID,RES_NAME,RES_URL,FULL_PATH,LEVELS,CREATE_TIME) values (	13010	,	130	,'查询Imei','help_queryimei','',	2	,	SYSDATE	);
Insert into TY_RESOURCE (RESOURCE_ID,PARENT_ID,RES_NAME,RES_URL,FULL_PATH,LEVELS,CREATE_TIME) values (	13011	,	130	,'上传Imei','help_uploadimei','',	2	,	SYSDATE	);
Insert into TY_RESOURCE (RESOURCE_ID,PARENT_ID,RES_NAME,RES_URL,FULL_PATH,LEVELS,CREATE_TIME) values (	13012	,	130	,'上传Zip文件','help_uploadzip','',	2	,	SYSDATE	);

insert into TY_ROLE (ROLE_ID, ROLE_NAME, PARENT_ID, FULL_PATH, LEVELS, CREATE_TIME, "type", "del_disable") values (1, '超级管理员', -1, '1', 1, SYSDATE, 1, 0);
insert into TY_ROLE (ROLE_ID, ROLE_NAME, PARENT_ID, FULL_PATH, LEVELS, CREATE_TIME, "type", "del_disable") values (2, '管理员组', 1, '1/2', 2, SYSDATE, 2, 0);
insert into TY_ROLE (ROLE_ID, ROLE_NAME, PARENT_ID, FULL_PATH, LEVELS, CREATE_TIME, "type", "del_disable") values (3, '内置组', 2, '1/2/3', 3, SYSDATE, 3, 0);
insert into TY_ROLE (ROLE_ID, ROLE_NAME, PARENT_ID, FULL_PATH, LEVELS, CREATE_TIME, "type", "del_disable") values (4, '对外合作组', 2, '1/2/4', 3, SYSDATE, 4, 0);
insert into TY_ROLE (ROLE_ID, ROLE_NAME, PARENT_ID, FULL_PATH, LEVELS, CREATE_TIME, "type", "del_disable") values (5, '渠道组', 2, '1/2/5', 3, SYSDATE, 5, 0);
insert into TY_ROLE (ROLE_ID, ROLE_NAME, PARENT_ID, FULL_PATH, LEVELS, CREATE_TIME, "type", "del_disable") values (6, '负责人组', 2, '1/2/6', 3, SYSDATE, 6, 0);
insert into TY_ROLE (ROLE_ID, ROLE_NAME, PARENT_ID, FULL_PATH, LEVELS, CREATE_TIME, "type", "del_disable") values (7, '用户查询组', 2, '1/2/7', 3, SYSDATE, 2, 0);
insert into TY_ROLE (ROLE_ID, ROLE_NAME, PARENT_ID, FULL_PATH, LEVELS, CREATE_TIME, "type", "del_disable") values (8, '天音渠道查询', 7, '1/2/7/8', 4, SYSDATE, 2, 0);
insert into TY_ROLE (ROLE_ID, ROLE_NAME, PARENT_ID, FULL_PATH, LEVELS, CREATE_TIME, "type", "del_disable") values (9, '地包渠道查询', 7, '1/2/7/9', 4, SYSDATE, 2, 0);
insert into TY_ROLE (ROLE_ID, ROLE_NAME, PARENT_ID, FULL_PATH, LEVELS, CREATE_TIME, "type", "del_disable") values (10, 'cp合作方查询', 7, '1/2/7/10', 4, SYSDATE, 2, 0);
insert into TY_ROLE (ROLE_ID, ROLE_NAME, PARENT_ID, FULL_PATH, LEVELS, CREATE_TIME, "type", "del_disable") values (11, '劳务渠道查询', 7, '1/2/7/11', 4, SYSDATE, 2, 0);



insert into TY_ROLE_RESOURCE_REF (ID, ROLE_ID, RESOURCE_ID, ACCES, CREATE_TIME) values (SEQ_ROLE_RESOURCE_REF.NEXTVAL, 1, 1      , 1, SYSDATE);
insert into TY_ROLE_RESOURCE_REF (ID, ROLE_ID, RESOURCE_ID, ACCES, CREATE_TIME) values (SEQ_ROLE_RESOURCE_REF.NEXTVAL, 1, 10     , 1, SYSDATE);
insert into TY_ROLE_RESOURCE_REF (ID, ROLE_ID, RESOURCE_ID, ACCES, CREATE_TIME) values (SEQ_ROLE_RESOURCE_REF.NEXTVAL, 1, 1010   , 1, SYSDATE);
insert into TY_ROLE_RESOURCE_REF (ID, ROLE_ID, RESOURCE_ID, ACCES, CREATE_TIME) values (SEQ_ROLE_RESOURCE_REF.NEXTVAL, 1, 101010 , 1, SYSDATE);
insert into TY_ROLE_RESOURCE_REF (ID, ROLE_ID, RESOURCE_ID, ACCES, CREATE_TIME) values (SEQ_ROLE_RESOURCE_REF.NEXTVAL, 1, 101011 , 1, SYSDATE);
insert into TY_ROLE_RESOURCE_REF (ID, ROLE_ID, RESOURCE_ID, ACCES, CREATE_TIME) values (SEQ_ROLE_RESOURCE_REF.NEXTVAL, 1, 101012 , 1, SYSDATE);
insert into TY_ROLE_RESOURCE_REF (ID, ROLE_ID, RESOURCE_ID, ACCES, CREATE_TIME) values (SEQ_ROLE_RESOURCE_REF.NEXTVAL, 1, 1020   , 1, SYSDATE);
insert into TY_ROLE_RESOURCE_REF (ID, ROLE_ID, RESOURCE_ID, ACCES, CREATE_TIME) values (SEQ_ROLE_RESOURCE_REF.NEXTVAL, 1, 102010 , 1, SYSDATE);
insert into TY_ROLE_RESOURCE_REF (ID, ROLE_ID, RESOURCE_ID, ACCES, CREATE_TIME) values (SEQ_ROLE_RESOURCE_REF.NEXTVAL, 1, 102011 , 1, SYSDATE);
insert into TY_ROLE_RESOURCE_REF (ID, ROLE_ID, RESOURCE_ID, ACCES, CREATE_TIME) values (SEQ_ROLE_RESOURCE_REF.NEXTVAL, 1, 102012 , 1, SYSDATE);
insert into TY_ROLE_RESOURCE_REF (ID, ROLE_ID, RESOURCE_ID, ACCES, CREATE_TIME) values (SEQ_ROLE_RESOURCE_REF.NEXTVAL, 1, 1030   , 1, SYSDATE);
insert into TY_ROLE_RESOURCE_REF (ID, ROLE_ID, RESOURCE_ID, ACCES, CREATE_TIME) values (SEQ_ROLE_RESOURCE_REF.NEXTVAL, 1, 103010 , 1, SYSDATE);
insert into TY_ROLE_RESOURCE_REF (ID, ROLE_ID, RESOURCE_ID, ACCES, CREATE_TIME) values (SEQ_ROLE_RESOURCE_REF.NEXTVAL, 1, 103011 , 1, SYSDATE);
insert into TY_ROLE_RESOURCE_REF (ID, ROLE_ID, RESOURCE_ID, ACCES, CREATE_TIME) values (SEQ_ROLE_RESOURCE_REF.NEXTVAL, 1, 103012 , 1, SYSDATE);
insert into TY_ROLE_RESOURCE_REF (ID, ROLE_ID, RESOURCE_ID, ACCES, CREATE_TIME) values (SEQ_ROLE_RESOURCE_REF.NEXTVAL, 1, 1040   , 1, SYSDATE);
insert into TY_ROLE_RESOURCE_REF (ID, ROLE_ID, RESOURCE_ID, ACCES, CREATE_TIME) values (SEQ_ROLE_RESOURCE_REF.NEXTVAL, 1, 104010 , 1, SYSDATE);
insert into TY_ROLE_RESOURCE_REF (ID, ROLE_ID, RESOURCE_ID, ACCES, CREATE_TIME) values (SEQ_ROLE_RESOURCE_REF.NEXTVAL, 1, 104011 , 1, SYSDATE);
insert into TY_ROLE_RESOURCE_REF (ID, ROLE_ID, RESOURCE_ID, ACCES, CREATE_TIME) values (SEQ_ROLE_RESOURCE_REF.NEXTVAL, 1, 104012 , 1, SYSDATE);
insert into TY_ROLE_RESOURCE_REF (ID, ROLE_ID, RESOURCE_ID, ACCES, CREATE_TIME) values (SEQ_ROLE_RESOURCE_REF.NEXTVAL, 1, 20     , 1, SYSDATE);
insert into TY_ROLE_RESOURCE_REF (ID, ROLE_ID, RESOURCE_ID, ACCES, CREATE_TIME) values (SEQ_ROLE_RESOURCE_REF.NEXTVAL, 1, 2010   , 1, SYSDATE);
insert into TY_ROLE_RESOURCE_REF (ID, ROLE_ID, RESOURCE_ID, ACCES, CREATE_TIME) values (SEQ_ROLE_RESOURCE_REF.NEXTVAL, 1, 201010 , 1, SYSDATE);
insert into TY_ROLE_RESOURCE_REF (ID, ROLE_ID, RESOURCE_ID, ACCES, CREATE_TIME) values (SEQ_ROLE_RESOURCE_REF.NEXTVAL, 1, 201011 , 1, SYSDATE);
insert into TY_ROLE_RESOURCE_REF (ID, ROLE_ID, RESOURCE_ID, ACCES, CREATE_TIME) values (SEQ_ROLE_RESOURCE_REF.NEXTVAL, 1, 201012 , 1, SYSDATE);
insert into TY_ROLE_RESOURCE_REF (ID, ROLE_ID, RESOURCE_ID, ACCES, CREATE_TIME) values (SEQ_ROLE_RESOURCE_REF.NEXTVAL, 1, 2020   , 1, SYSDATE);
insert into TY_ROLE_RESOURCE_REF (ID, ROLE_ID, RESOURCE_ID, ACCES, CREATE_TIME) values (SEQ_ROLE_RESOURCE_REF.NEXTVAL, 1, 202010 , 1, SYSDATE);
insert into TY_ROLE_RESOURCE_REF (ID, ROLE_ID, RESOURCE_ID, ACCES, CREATE_TIME) values (SEQ_ROLE_RESOURCE_REF.NEXTVAL, 1, 202011 , 1, SYSDATE);
insert into TY_ROLE_RESOURCE_REF (ID, ROLE_ID, RESOURCE_ID, ACCES, CREATE_TIME) values (SEQ_ROLE_RESOURCE_REF.NEXTVAL, 1, 202012 , 1, SYSDATE);
insert into TY_ROLE_RESOURCE_REF (ID, ROLE_ID, RESOURCE_ID, ACCES, CREATE_TIME) values (SEQ_ROLE_RESOURCE_REF.NEXTVAL, 1, 2030   , 1, SYSDATE);
insert into TY_ROLE_RESOURCE_REF (ID, ROLE_ID, RESOURCE_ID, ACCES, CREATE_TIME) values (SEQ_ROLE_RESOURCE_REF.NEXTVAL, 1, 203010 , 1, SYSDATE);
insert into TY_ROLE_RESOURCE_REF (ID, ROLE_ID, RESOURCE_ID, ACCES, CREATE_TIME) values (SEQ_ROLE_RESOURCE_REF.NEXTVAL, 1, 203011 , 1, SYSDATE);
insert into TY_ROLE_RESOURCE_REF (ID, ROLE_ID, RESOURCE_ID, ACCES, CREATE_TIME) values (SEQ_ROLE_RESOURCE_REF.NEXTVAL, 1, 203012 , 1, SYSDATE);
insert into TY_ROLE_RESOURCE_REF (ID, ROLE_ID, RESOURCE_ID, ACCES, CREATE_TIME) values (SEQ_ROLE_RESOURCE_REF.NEXTVAL, 1, 30     , 1, SYSDATE);
insert into TY_ROLE_RESOURCE_REF (ID, ROLE_ID, RESOURCE_ID, ACCES, CREATE_TIME) values (SEQ_ROLE_RESOURCE_REF.NEXTVAL, 1, 3010   , 1, SYSDATE);
insert into TY_ROLE_RESOURCE_REF (ID, ROLE_ID, RESOURCE_ID, ACCES, CREATE_TIME) values (SEQ_ROLE_RESOURCE_REF.NEXTVAL, 1, 301010 , 1, SYSDATE);
insert into TY_ROLE_RESOURCE_REF (ID, ROLE_ID, RESOURCE_ID, ACCES, CREATE_TIME) values (SEQ_ROLE_RESOURCE_REF.NEXTVAL, 1, 301011 , 1, SYSDATE);
insert into TY_ROLE_RESOURCE_REF (ID, ROLE_ID, RESOURCE_ID, ACCES, CREATE_TIME) values (SEQ_ROLE_RESOURCE_REF.NEXTVAL, 1, 301012 , 1, SYSDATE);
insert into TY_ROLE_RESOURCE_REF (ID, ROLE_ID, RESOURCE_ID, ACCES, CREATE_TIME) values (SEQ_ROLE_RESOURCE_REF.NEXTVAL, 1, 40     , 1, SYSDATE);
insert into TY_ROLE_RESOURCE_REF (ID, ROLE_ID, RESOURCE_ID, ACCES, CREATE_TIME) values (SEQ_ROLE_RESOURCE_REF.NEXTVAL, 1, 4010   , 1, SYSDATE);
insert into TY_ROLE_RESOURCE_REF (ID, ROLE_ID, RESOURCE_ID, ACCES, CREATE_TIME) values (SEQ_ROLE_RESOURCE_REF.NEXTVAL, 1, 401010 , 1, SYSDATE);
insert into TY_ROLE_RESOURCE_REF (ID, ROLE_ID, RESOURCE_ID, ACCES, CREATE_TIME) values (SEQ_ROLE_RESOURCE_REF.NEXTVAL, 1, 401011 , 1, SYSDATE);
insert into TY_ROLE_RESOURCE_REF (ID, ROLE_ID, RESOURCE_ID, ACCES, CREATE_TIME) values (SEQ_ROLE_RESOURCE_REF.NEXTVAL, 1, 401012 , 1, SYSDATE);
insert into TY_ROLE_RESOURCE_REF (ID, ROLE_ID, RESOURCE_ID, ACCES, CREATE_TIME) values (SEQ_ROLE_RESOURCE_REF.NEXTVAL, 1, 50     , 1, SYSDATE);
insert into TY_ROLE_RESOURCE_REF (ID, ROLE_ID, RESOURCE_ID, ACCES, CREATE_TIME) values (SEQ_ROLE_RESOURCE_REF.NEXTVAL, 1, 5010   , 1, SYSDATE);
insert into TY_ROLE_RESOURCE_REF (ID, ROLE_ID, RESOURCE_ID, ACCES, CREATE_TIME) values (SEQ_ROLE_RESOURCE_REF.NEXTVAL, 1, 501010 , 1, SYSDATE);
insert into TY_ROLE_RESOURCE_REF (ID, ROLE_ID, RESOURCE_ID, ACCES, CREATE_TIME) values (SEQ_ROLE_RESOURCE_REF.NEXTVAL, 1, 501011 , 1, SYSDATE);
insert into TY_ROLE_RESOURCE_REF (ID, ROLE_ID, RESOURCE_ID, ACCES, CREATE_TIME) values (SEQ_ROLE_RESOURCE_REF.NEXTVAL, 1, 501012 , 1, SYSDATE);
insert into TY_ROLE_RESOURCE_REF (ID, ROLE_ID, RESOURCE_ID, ACCES, CREATE_TIME) values (SEQ_ROLE_RESOURCE_REF.NEXTVAL, 1, 60     , 1, SYSDATE);
insert into TY_ROLE_RESOURCE_REF (ID, ROLE_ID, RESOURCE_ID, ACCES, CREATE_TIME) values (SEQ_ROLE_RESOURCE_REF.NEXTVAL, 1, 6010   , 1, SYSDATE);
insert into TY_ROLE_RESOURCE_REF (ID, ROLE_ID, RESOURCE_ID, ACCES, CREATE_TIME) values (SEQ_ROLE_RESOURCE_REF.NEXTVAL, 1, 601010 , 1, SYSDATE);
insert into TY_ROLE_RESOURCE_REF (ID, ROLE_ID, RESOURCE_ID, ACCES, CREATE_TIME) values (SEQ_ROLE_RESOURCE_REF.NEXTVAL, 1, 601011 , 1, SYSDATE);
insert into TY_ROLE_RESOURCE_REF (ID, ROLE_ID, RESOURCE_ID, ACCES, CREATE_TIME) values (SEQ_ROLE_RESOURCE_REF.NEXTVAL, 1, 601012 , 1, SYSDATE);
insert into TY_ROLE_RESOURCE_REF (ID, ROLE_ID, RESOURCE_ID, ACCES, CREATE_TIME) values (SEQ_ROLE_RESOURCE_REF.NEXTVAL, 1, 6020   , 1, SYSDATE);
insert into TY_ROLE_RESOURCE_REF (ID, ROLE_ID, RESOURCE_ID, ACCES, CREATE_TIME) values (SEQ_ROLE_RESOURCE_REF.NEXTVAL, 1, 602010 , 1, SYSDATE);
insert into TY_ROLE_RESOURCE_REF (ID, ROLE_ID, RESOURCE_ID, ACCES, CREATE_TIME) values (SEQ_ROLE_RESOURCE_REF.NEXTVAL, 1, 602011 , 1, SYSDATE);
insert into TY_ROLE_RESOURCE_REF (ID, ROLE_ID, RESOURCE_ID, ACCES, CREATE_TIME) values (SEQ_ROLE_RESOURCE_REF.NEXTVAL, 1, 602012 , 1, SYSDATE);
insert into TY_ROLE_RESOURCE_REF (ID, ROLE_ID, RESOURCE_ID, ACCES, CREATE_TIME) values (SEQ_ROLE_RESOURCE_REF.NEXTVAL, 1, 6030   , 1, SYSDATE);
insert into TY_ROLE_RESOURCE_REF (ID, ROLE_ID, RESOURCE_ID, ACCES, CREATE_TIME) values (SEQ_ROLE_RESOURCE_REF.NEXTVAL, 1, 603010 , 1, SYSDATE);
insert into TY_ROLE_RESOURCE_REF (ID, ROLE_ID, RESOURCE_ID, ACCES, CREATE_TIME) values (SEQ_ROLE_RESOURCE_REF.NEXTVAL, 1, 603011 , 1, SYSDATE);
insert into TY_ROLE_RESOURCE_REF (ID, ROLE_ID, RESOURCE_ID, ACCES, CREATE_TIME) values (SEQ_ROLE_RESOURCE_REF.NEXTVAL, 1, 603012 , 1, SYSDATE);
insert into TY_ROLE_RESOURCE_REF (ID, ROLE_ID, RESOURCE_ID, ACCES, CREATE_TIME) values (SEQ_ROLE_RESOURCE_REF.NEXTVAL, 1, 70     , 1, SYSDATE);
insert into TY_ROLE_RESOURCE_REF (ID, ROLE_ID, RESOURCE_ID, ACCES, CREATE_TIME) values (SEQ_ROLE_RESOURCE_REF.NEXTVAL, 1, 7010   , 1, SYSDATE);
insert into TY_ROLE_RESOURCE_REF (ID, ROLE_ID, RESOURCE_ID, ACCES, CREATE_TIME) values (SEQ_ROLE_RESOURCE_REF.NEXTVAL, 1, 701010 , 1, SYSDATE);
insert into TY_ROLE_RESOURCE_REF (ID, ROLE_ID, RESOURCE_ID, ACCES, CREATE_TIME) values (SEQ_ROLE_RESOURCE_REF.NEXTVAL, 1, 701011 , 1, SYSDATE);
insert into TY_ROLE_RESOURCE_REF (ID, ROLE_ID, RESOURCE_ID, ACCES, CREATE_TIME) values (SEQ_ROLE_RESOURCE_REF.NEXTVAL, 1, 701012 , 1, SYSDATE);
insert into TY_ROLE_RESOURCE_REF (ID, ROLE_ID, RESOURCE_ID, ACCES, CREATE_TIME) values (SEQ_ROLE_RESOURCE_REF.NEXTVAL, 1, 80     , 1, SYSDATE);
insert into TY_ROLE_RESOURCE_REF (ID, ROLE_ID, RESOURCE_ID, ACCES, CREATE_TIME) values (SEQ_ROLE_RESOURCE_REF.NEXTVAL, 1, 8010   , 1, SYSDATE);
insert into TY_ROLE_RESOURCE_REF (ID, ROLE_ID, RESOURCE_ID, ACCES, CREATE_TIME) values (SEQ_ROLE_RESOURCE_REF.NEXTVAL, 1, 801010 , 1, SYSDATE);
insert into TY_ROLE_RESOURCE_REF (ID, ROLE_ID, RESOURCE_ID, ACCES, CREATE_TIME) values (SEQ_ROLE_RESOURCE_REF.NEXTVAL, 1, 801011 , 1, SYSDATE);
insert into TY_ROLE_RESOURCE_REF (ID, ROLE_ID, RESOURCE_ID, ACCES, CREATE_TIME) values (SEQ_ROLE_RESOURCE_REF.NEXTVAL, 1, 801012 , 1, SYSDATE);
insert into TY_ROLE_RESOURCE_REF (ID, ROLE_ID, RESOURCE_ID, ACCES, CREATE_TIME) values (SEQ_ROLE_RESOURCE_REF.NEXTVAL, 1, 8020   , 1, SYSDATE);
insert into TY_ROLE_RESOURCE_REF (ID, ROLE_ID, RESOURCE_ID, ACCES, CREATE_TIME) values (SEQ_ROLE_RESOURCE_REF.NEXTVAL, 1, 802010 , 1, SYSDATE);
insert into TY_ROLE_RESOURCE_REF (ID, ROLE_ID, RESOURCE_ID, ACCES, CREATE_TIME) values (SEQ_ROLE_RESOURCE_REF.NEXTVAL, 1, 802011 , 1, SYSDATE);
insert into TY_ROLE_RESOURCE_REF (ID, ROLE_ID, RESOURCE_ID, ACCES, CREATE_TIME) values (SEQ_ROLE_RESOURCE_REF.NEXTVAL, 1, 802012 , 1, SYSDATE);
insert into TY_ROLE_RESOURCE_REF (ID, ROLE_ID, RESOURCE_ID, ACCES, CREATE_TIME) values (SEQ_ROLE_RESOURCE_REF.NEXTVAL, 1, 8030   , 1, SYSDATE);
insert into TY_ROLE_RESOURCE_REF (ID, ROLE_ID, RESOURCE_ID, ACCES, CREATE_TIME) values (SEQ_ROLE_RESOURCE_REF.NEXTVAL, 1, 803010 , 1, SYSDATE);
insert into TY_ROLE_RESOURCE_REF (ID, ROLE_ID, RESOURCE_ID, ACCES, CREATE_TIME) values (SEQ_ROLE_RESOURCE_REF.NEXTVAL, 1, 803011 , 1, SYSDATE);
insert into TY_ROLE_RESOURCE_REF (ID, ROLE_ID, RESOURCE_ID, ACCES, CREATE_TIME) values (SEQ_ROLE_RESOURCE_REF.NEXTVAL, 1, 803012 , 1, SYSDATE);
insert into TY_ROLE_RESOURCE_REF (ID, ROLE_ID, RESOURCE_ID, ACCES, CREATE_TIME) values (SEQ_ROLE_RESOURCE_REF.NEXTVAL, 1, 8040   , 1, SYSDATE);
insert into TY_ROLE_RESOURCE_REF (ID, ROLE_ID, RESOURCE_ID, ACCES, CREATE_TIME) values (SEQ_ROLE_RESOURCE_REF.NEXTVAL, 1, 804010 , 1, SYSDATE);
insert into TY_ROLE_RESOURCE_REF (ID, ROLE_ID, RESOURCE_ID, ACCES, CREATE_TIME) values (SEQ_ROLE_RESOURCE_REF.NEXTVAL, 1, 804011 , 1, SYSDATE);
insert into TY_ROLE_RESOURCE_REF (ID, ROLE_ID, RESOURCE_ID, ACCES, CREATE_TIME) values (SEQ_ROLE_RESOURCE_REF.NEXTVAL, 1, 90     , 1, SYSDATE);
insert into TY_ROLE_RESOURCE_REF (ID, ROLE_ID, RESOURCE_ID, ACCES, CREATE_TIME) values (SEQ_ROLE_RESOURCE_REF.NEXTVAL, 1, 9010   , 1, SYSDATE);
insert into TY_ROLE_RESOURCE_REF (ID, ROLE_ID, RESOURCE_ID, ACCES, CREATE_TIME) values (SEQ_ROLE_RESOURCE_REF.NEXTVAL, 1, 901010 , 1, SYSDATE);
insert into TY_ROLE_RESOURCE_REF (ID, ROLE_ID, RESOURCE_ID, ACCES, CREATE_TIME) values (SEQ_ROLE_RESOURCE_REF.NEXTVAL, 1, 901011 , 1, SYSDATE);
insert into TY_ROLE_RESOURCE_REF (ID, ROLE_ID, RESOURCE_ID, ACCES, CREATE_TIME) values (SEQ_ROLE_RESOURCE_REF.NEXTVAL, 1, 901012 , 1, SYSDATE);
insert into TY_ROLE_RESOURCE_REF (ID, ROLE_ID, RESOURCE_ID, ACCES, CREATE_TIME) values (SEQ_ROLE_RESOURCE_REF.NEXTVAL, 1, 100    , 1, SYSDATE);
insert into TY_ROLE_RESOURCE_REF (ID, ROLE_ID, RESOURCE_ID, ACCES, CREATE_TIME) values (SEQ_ROLE_RESOURCE_REF.NEXTVAL, 1, 10010  , 1, SYSDATE);
insert into TY_ROLE_RESOURCE_REF (ID, ROLE_ID, RESOURCE_ID, ACCES, CREATE_TIME) values (SEQ_ROLE_RESOURCE_REF.NEXTVAL, 1, 10011  , 1, SYSDATE);
insert into TY_ROLE_RESOURCE_REF (ID, ROLE_ID, RESOURCE_ID, ACCES, CREATE_TIME) values (SEQ_ROLE_RESOURCE_REF.NEXTVAL, 1, 10012  , 1, SYSDATE);
insert into TY_ROLE_RESOURCE_REF (ID, ROLE_ID, RESOURCE_ID, ACCES, CREATE_TIME) values (SEQ_ROLE_RESOURCE_REF.NEXTVAL, 1, 10013  , 1, SYSDATE);
insert into TY_ROLE_RESOURCE_REF (ID, ROLE_ID, RESOURCE_ID, ACCES, CREATE_TIME) values (SEQ_ROLE_RESOURCE_REF.NEXTVAL, 1, 110    , 1, SYSDATE);
insert into TY_ROLE_RESOURCE_REF (ID, ROLE_ID, RESOURCE_ID, ACCES, CREATE_TIME) values (SEQ_ROLE_RESOURCE_REF.NEXTVAL, 1, 11010  , 1, SYSDATE);
insert into TY_ROLE_RESOURCE_REF (ID, ROLE_ID, RESOURCE_ID, ACCES, CREATE_TIME) values (SEQ_ROLE_RESOURCE_REF.NEXTVAL, 1, 11011  , 1, SYSDATE);
insert into TY_ROLE_RESOURCE_REF (ID, ROLE_ID, RESOURCE_ID, ACCES, CREATE_TIME) values (SEQ_ROLE_RESOURCE_REF.NEXTVAL, 1, 11012  , 1, SYSDATE);
insert into TY_ROLE_RESOURCE_REF (ID, ROLE_ID, RESOURCE_ID, ACCES, CREATE_TIME) values (SEQ_ROLE_RESOURCE_REF.NEXTVAL, 1, 11013  , 1, SYSDATE);
insert into TY_ROLE_RESOURCE_REF (ID, ROLE_ID, RESOURCE_ID, ACCES, CREATE_TIME) values (SEQ_ROLE_RESOURCE_REF.NEXTVAL, 1, 120    , 1, SYSDATE);
insert into TY_ROLE_RESOURCE_REF (ID, ROLE_ID, RESOURCE_ID, ACCES, CREATE_TIME) values (SEQ_ROLE_RESOURCE_REF.NEXTVAL, 1, 12010  , 1, SYSDATE);
insert into TY_ROLE_RESOURCE_REF (ID, ROLE_ID, RESOURCE_ID, ACCES, CREATE_TIME) values (SEQ_ROLE_RESOURCE_REF.NEXTVAL, 1, 1201010, 1, SYSDATE);
insert into TY_ROLE_RESOURCE_REF (ID, ROLE_ID, RESOURCE_ID, ACCES, CREATE_TIME) values (SEQ_ROLE_RESOURCE_REF.NEXTVAL, 1, 1201011, 1, SYSDATE);
insert into TY_ROLE_RESOURCE_REF (ID, ROLE_ID, RESOURCE_ID, ACCES, CREATE_TIME) values (SEQ_ROLE_RESOURCE_REF.NEXTVAL, 1, 1201012, 1, SYSDATE);
insert into TY_ROLE_RESOURCE_REF (ID, ROLE_ID, RESOURCE_ID, ACCES, CREATE_TIME) values (SEQ_ROLE_RESOURCE_REF.NEXTVAL, 1, 1201013, 1, SYSDATE);
insert into TY_ROLE_RESOURCE_REF (ID, ROLE_ID, RESOURCE_ID, ACCES, CREATE_TIME) values (SEQ_ROLE_RESOURCE_REF.NEXTVAL, 1, 12020  , 1, SYSDATE);
insert into TY_ROLE_RESOURCE_REF (ID, ROLE_ID, RESOURCE_ID, ACCES, CREATE_TIME) values (SEQ_ROLE_RESOURCE_REF.NEXTVAL, 1, 1202010, 1, SYSDATE);
insert into TY_ROLE_RESOURCE_REF (ID, ROLE_ID, RESOURCE_ID, ACCES, CREATE_TIME) values (SEQ_ROLE_RESOURCE_REF.NEXTVAL, 1, 1202011, 1, SYSDATE);
insert into TY_ROLE_RESOURCE_REF (ID, ROLE_ID, RESOURCE_ID, ACCES, CREATE_TIME) values (SEQ_ROLE_RESOURCE_REF.NEXTVAL, 1, 1202012, 1, SYSDATE);
insert into TY_ROLE_RESOURCE_REF (ID, ROLE_ID, RESOURCE_ID, ACCES, CREATE_TIME) values (SEQ_ROLE_RESOURCE_REF.NEXTVAL, 1, 12030  , 1, SYSDATE);
insert into TY_ROLE_RESOURCE_REF (ID, ROLE_ID, RESOURCE_ID, ACCES, CREATE_TIME) values (SEQ_ROLE_RESOURCE_REF.NEXTVAL, 1, 1203010, 1, SYSDATE);
insert into TY_ROLE_RESOURCE_REF (ID, ROLE_ID, RESOURCE_ID, ACCES, CREATE_TIME) values (SEQ_ROLE_RESOURCE_REF.NEXTVAL, 1, 130    , 1, SYSDATE);
insert into TY_ROLE_RESOURCE_REF (ID, ROLE_ID, RESOURCE_ID, ACCES, CREATE_TIME) values (SEQ_ROLE_RESOURCE_REF.NEXTVAL, 1, 13010  , 1, SYSDATE);
insert into TY_ROLE_RESOURCE_REF (ID, ROLE_ID, RESOURCE_ID, ACCES, CREATE_TIME) values (SEQ_ROLE_RESOURCE_REF.NEXTVAL, 1, 13011  , 1, SYSDATE);
insert into TY_ROLE_RESOURCE_REF (ID, ROLE_ID, RESOURCE_ID, ACCES, CREATE_TIME) values (SEQ_ROLE_RESOURCE_REF.NEXTVAL, 1, 13012  , 1, SYSDATE);


Insert into TY_USER (USER_ID,LOGIN_NAME,REAL_NAME,PASSWORD,CELLPHONE,ADDRESS,STATUS,TYPE,CREATE_TIME,UPDATE_TIME) values (1,'admin','超级管理员','123456','13910965514','系统管理员',1,3,SYSDATE,SYSDATE);


Insert into TY_USER_ROLE_REF (ID,USER_ID,ROLE_ID,CREATE_TIME) values (SEQ_USER_ROLE_REF.NEXTVAL,1,1,SYSDATE);
